時間(年月),度量名稱,噸數
9001,本月載重噸 (噸),8479818
9002,本月載重噸 (噸),8180791
9003,本月載重噸 (噸),7897623
9004,本月載重噸 (噸),7953765
9005,本月載重噸 (噸),7796764
9006,本月載重噸 (噸),7816838
9007,本月載重噸 (噸),7818616
9008,本月載重噸 (噸),7744798
9009,本月載重噸 (噸),7762862
9010,本月載重噸 (噸),7649014
9011,本月載重噸 (噸),7577343
9012,本月載重噸 (噸),7470795
9101,本月載重噸 (噸),7438829
9102,本月載重噸 (噸),7428885
9103,本月載重噸 (噸),7291913
9104,本月載重噸 (噸),7464465
9105,本月載重噸 (噸),7427977
9106,本月載重噸 (噸),7427977
9107,本月載重噸 (噸),7421931
9108,本月載重噸 (噸),7426906
9109,本月載重噸 (噸),7192618
9110,本月載重噸 (噸),6949611
9111,本月載重噸 (噸),6882958
9112,本月載重噸 (噸),6789449
9201,本月載重噸 (噸),6815395
9202,本月載重噸 (噸),6811782
9203,本月載重噸 (噸),6704183
9204,本月載重噸 (噸),6650981
9205,本月載重噸 (噸),6438897
9206,本月載重噸 (噸),6222682
9207,本月載重噸 (噸),6237549
9208,本月載重噸 (噸),6276583
9209,本月載重噸 (噸),6276608
9210,本月載重噸 (噸),6254781
9211,本月載重噸 (噸),6186027
9212,本月載重噸 (噸),6092623
9301,本月載重噸 (噸),5979775
9302,本月載重噸 (噸),5933780
9303,本月載重噸 (噸),5934082
9304,本月載重噸 (噸),5865467
9305,本月載重噸 (噸),6079427
9306,本月載重噸 (噸),6079427
9307,本月載重噸 (噸),6081704
9308,本月載重噸 (噸),6089253
9309,本月載重噸 (噸),6088021
9310,本月載重噸 (噸),6064345
9311,本月載重噸 (噸),6058079
9312,本月載重噸 (噸),6000465
9401,本月載重噸 (噸),6013469
9402,本月載重噸 (噸),6022234
9403,本月載重噸 (噸),6022268
9404,本月載重噸 (噸),6003203
9405,本月載重噸 (噸),6002597
9406,本月載重噸 (噸),5853064
9407,本月載重噸 (噸),5709562
9408,本月載重噸 (噸),5694328
9409,本月載重噸 (噸),5694351
9410,本月載重噸 (噸),5694324
9411,本月載重噸 (噸),5544847
9412,本月載重噸 (噸),5485793
9501,本月載重噸 (噸),5479044
9502,本月載重噸 (噸),5461338
9503,本月載重噸 (噸),5363954
9504,本月載重噸 (噸),5322256
9505,本月載重噸 (噸),5324296
9506,本月載重噸 (噸),5264520
9507,本月載重噸 (噸),5110960
9508,本月載重噸 (噸),5110936
9509,本月載重噸 (噸),5039258
9510,本月載重噸 (噸),5061093
9511,本月載重噸 (噸),5017423
9512,本月載重噸 (噸),4963239
9601,本月載重噸 (噸),4735527
9602,本月載重噸 (噸),4713500
9603,本月載重噸 (噸),4720687
9604,本月載重噸 (噸),4754188
9605,本月載重噸 (噸),4739224
9606,本月載重噸 (噸),4664517
9607,本月載重噸 (噸),4664517
9608,本月載重噸 (噸),4664530
9609,本月載重噸 (噸),4586254
9610,本月載重噸 (噸),4595001
9611,本月載重噸 (噸),4595001
9612,本月載重噸 (噸),4671417
9701,本月載重噸 (噸),4671417
9702,本月載重噸 (噸),4662695
9703,本月載重噸 (噸),4663307
9704,本月載重噸 (噸),4650654
9705,本月載重噸 (噸),4719964
9706,本月載重噸 (噸),4721282
9707,本月載重噸 (噸),4721282
9708,本月載重噸 (噸),4721282
9709,本月載重噸 (噸),4715189
9710,本月載重噸 (噸),4706594
9711,本月載重噸 (噸),4706869
9712,本月載重噸 (噸),4706869
9801,本月載重噸 (噸),4604015
9802,本月載重噸 (噸),4606813
9803,本月載重噸 (噸),4606813
9804,本月載重噸 (噸),4564197
9805,本月載重噸 (噸),4581262
9806,本月載重噸 (噸),4581262
9807,本月載重噸 (噸),4367032
9808,本月載重噸 (噸),4590165
9809,本月載重噸 (噸),4238951
9810,本月載重噸 (噸),4105429
9811,本月載重噸 (噸),4245784
9812,本月載重噸 (噸),4234734
9901,本月載重噸 (噸),4236610
9902,本月載重噸 (噸),4195665
9903,本月載重噸 (噸),4195665
9904,本月載重噸 (噸),4197048
9905,本月載重噸 (噸),3994407
9906,本月載重噸 (噸),4018936
9907,本月載重噸 (噸),4026613
9908,本月載重噸 (噸),4010393
9909,本月載重噸 (噸),4287142
9910,本月載重噸 (噸),4307785
9911,本月載重噸 (噸),4319083
9912,本月載重噸 (噸),4399721
10001,本月載重噸 (噸),4246874
10002,本月載重噸 (噸),4211222
10003,本月載重噸 (噸),4345518
10004,本月載重噸 (噸),4345562
10005,本月載重噸 (噸),4494878
10006,本月載重噸 (噸),4513458
10007,本月載重噸 (噸),4647754
10008,本月載重噸 (噸),4656255
10009,本月載重噸 (噸),4504289
10010,本月載重噸 (噸),4608556
10011,本月載重噸 (噸),4611938
10012,本月載重噸 (噸),4584421
10101,本月載重噸 (噸),4528342
10102,本月載重噸 (噸),4528342
10103,本月載重噸 (噸),4528342
10104,本月載重噸 (噸),4734971
10105,本月載重噸 (噸),4567536
10106,本月載重噸 (噸),4619162
10107,本月載重噸 (噸),4610585
10108,本月載重噸 (噸),4713820
10109,本月載重噸 (噸),4713820
10110,本月載重噸 (噸),4811904
10111,本月載重噸 (噸),4936103
10112,本月載重噸 (噸),4778100
10201,本月載重噸 (噸),4725083
10202,本月載重噸 (噸),4772769
10203,本月載重噸 (噸),4772769
10204,本月載重噸 (噸),4779504
10205,本月載重噸 (噸),4812520
10206,本月載重噸 (噸),5020588
10207,本月載重噸 (噸),4948917
10208,本月載重噸 (噸),4948917
10209,本月載重噸 (噸),4925188
10210,本月載重噸 (噸),5054879
10211,本月載重噸 (噸),5054879
10212,本月載重噸 (噸),5092263
10301,本月載重噸 (噸),4980654
10302,本月載重噸 (噸),5086624
10303,本月載重噸 (噸),5019435
10304,本月載重噸 (噸),5388072
10305,本月載重噸 (噸),5388288
10306,本月載重噸 (噸),5388288
10307,本月載重噸 (噸),5442394
10308,本月載重噸 (噸),5442394
10309,本月載重噸 (噸),5396399
10310,本月載重噸 (噸),5396399
10311,本月載重噸 (噸),5481465
10312,本月載重噸 (噸),5483649
10401,本月載重噸 (噸),5610048
10402,本月載重噸 (噸),5610048
10403,本月載重噸 (噸),5620668
10404,本月載重噸 (噸),5725035
10405,本月載重噸 (噸),5672700
10406,本月載重噸 (噸),5672800
10407,本月載重噸 (噸),5683074
10408,本月載重噸 (噸),5675341
10409,本月載重噸 (噸),5675406
10410,本月載重噸 (噸),5675406
10411,本月載重噸 (噸),5678640
10412,本月載重噸 (噸),5680347
10501,本月載重噸 (噸),5680347
10502,本月載重噸 (噸),5679174
10503,本月載重噸 (噸),5695608
10504,本月載重噸 (噸),5541140
10505,本月載重噸 (噸),5203810
10506,本月載重噸 (噸),5049254
10507,本月載重噸 (噸),5049254
10508,本月載重噸 (噸),5061215
10509,本月載重噸 (噸),5060190
10510,本月載重噸 (噸),4979720
10511,本月載重噸 (噸),4978921
10512,本月載重噸 (噸),4957909
10601,本月載重噸 (噸),5004613
10602,本月載重噸 (噸),5053166
10603,本月載重噸 (噸),5071749
10604,本月載重噸 (噸),5103018
10605,本月載重噸 (噸),5084438
10606,本月載重噸 (噸),5084086
10607,本月載重噸 (噸),5079724
10608,本月載重噸 (噸),5078625
10609,本月載重噸 (噸),5068437
10610,本月載重噸 (噸),5104121
10611,本月載重噸 (噸),5120324
10612,本月載重噸 (噸),5120324
10701,本月載重噸 (噸),5116984
10702,本月載重噸 (噸),5117034
10703,本月載重噸 (噸),5560085
10704,本月載重噸 (噸),6010734
10705,本月載重噸 (噸),6017655
10706,本月載重噸 (噸),6009289
10707,本月載重噸 (噸),6116484
10708,本月載重噸 (噸),6116217
10709,本月載重噸 (噸),6112815
10710,本月載重噸 (噸),6148229
10711,本月載重噸 (噸),6145445
10712,本月載重噸 (噸),6136249
10801,本月載重噸 (噸),6182120
10802,本月載重噸 (噸),6142454
10803,本月載重噸 (噸),6143650
10804,本月載重噸 (噸),6144964
10805,本月載重噸 (噸),6410379
10806,本月載重噸 (噸),6471611
10807,本月載重噸 (噸),6680567
10808,本月載重噸 (噸),6676711
10809,本月載重噸 (噸),6714875
10810,本月載重噸 (噸),7137153
10811,本月載重噸 (噸),7110124
10812,本月載重噸 (噸),7112580
10901,本月載重噸 (噸),7322115
10902,本月載重噸 (噸),7318607
10903,本月載重噸 (噸),7542403
10904,本月載重噸 (噸),7755078
10905,本月載重噸 (噸),7999402
10906,本月載重噸 (噸),7825133
10907,本月載重噸 (噸),7849303
10908,本月載重噸 (噸),7849303
10909,本月載重噸 (噸),7513924
10910,本月載重噸 (噸),7533431
10911,本月載重噸 (噸),7527329
10912,本月載重噸 (噸),7527326
11001,本月載重噸 (噸),7527326
11002,本月載重噸 (噸),7485160
11003,本月載重噸 (噸),7299807
11004,本月載重噸 (噸),7262332
11005,本月載重噸 (噸),7262332
11006,本月載重噸 (噸),7262332
11007,本月載重噸 (噸),7262332
9001,本月總噸位 (噸),5386978
9002,本月總噸位 (噸),5232786
9003,本月總噸位 (噸),5041010
9004,本月總噸位 (噸),5155935
9005,本月總噸位 (噸),5012603
9006,本月總噸位 (噸),5026246
9007,本月總噸位 (噸),5035652
9008,本月總噸位 (噸),4968550
9009,本月總噸位 (噸),4979837
9010,本月總噸位 (噸),4921786
9011,本月總噸位 (噸),4884077
9012,本月總噸位 (噸),4790975
9101,本月總噸位 (噸),4767762
9102,本月總噸位 (噸),4760820
9103,本月總噸位 (噸),4623797
9104,本月總噸位 (噸),4709847
9105,本月總噸位 (噸),4682950
9106,本月總噸位 (噸),4682950
9107,本月總噸位 (噸),4680355
9108,本月總噸位 (噸),4684151
9109,本月總噸位 (噸),4543449
9110,本月總噸位 (噸),4362275
9111,本月總噸位 (噸),4328465
9112,本月總噸位 (噸),4235469
9201,本月總噸位 (噸),4226952
9202,本月總噸位 (噸),4224426
9203,本月總噸位 (噸),4147688
9204,本月總噸位 (噸),4101754
9205,本月總噸位 (噸),3916949
9206,本月總噸位 (噸),3803514
9207,本月總噸位 (噸),3813463
9208,本月總噸位 (噸),3843827
9209,本月總噸位 (噸),3843944
9210,本月總噸位 (噸),3828801
9211,本月總噸位 (噸),3788466
9212,本月總噸位 (噸),3736917
9301,本月總噸位 (噸),3655813
9302,本月總噸位 (噸),3609116
9303,本月總噸位 (噸),3637969
9304,本月總噸位 (噸),3573964
9305,本月總噸位 (噸),3770984
9306,本月總噸位 (噸),3770984
9307,本月總噸位 (噸),3772339
9308,本月總噸位 (噸),3748426
9309,本月總噸位 (噸),3747709
9310,本月總噸位 (噸),3730582
9311,本月總噸位 (噸),3727412
9312,本月總噸位 (噸),3708636
9401,本月總噸位 (噸),3713130
9402,本月總噸位 (噸),3719650
9403,本月總噸位 (噸),3720075
9404,本月總噸位 (噸),3705197
9405,本月總噸位 (噸),3702022
9406,本月總噸位 (噸),3624926
9407,本月總噸位 (噸),3493153
9408,本月總噸位 (噸),3483198
9409,本月總噸位 (噸),3483312
9410,本月總噸位 (噸),3483169
9411,本月總噸位 (噸),3405797
9412,本月總噸位 (噸),3376292
9501,本月總噸位 (噸),3372001
9502,本月總噸位 (噸),3358755
9503,本月總噸位 (噸),3283501
9504,本月總噸位 (噸),3251863
9505,本月總噸位 (噸),3250311
9506,本月總噸位 (噸),3196019
9507,本月總噸位 (噸),3085842
9508,本月總噸位 (噸),3085628
9509,本月總噸位 (噸),3047773
9510,本月總噸位 (噸),3064261
9511,本月總噸位 (噸),3031285
9512,本月總噸位 (噸),3006427
9601,本月總噸位 (噸),2882336
9602,本月總噸位 (噸),2865848
9603,本月總噸位 (噸),2872532
9604,本月總噸位 (噸),2899964
9605,本月總噸位 (噸),2889517
9606,本月總噸位 (噸),2831019
9607,本月總噸位 (噸),2831019
9608,本月總噸位 (噸),2831127
9609,本月總噸位 (噸),2785535
9610,本月總噸位 (噸),2791983
9611,本月總噸位 (噸),2791983
9612,本月總噸位 (噸),2852651
9701,本月總噸位 (噸),2852651
9702,本月總噸位 (噸),2846380
9703,本月總噸位 (噸),2846869
9704,本月總噸位 (噸),2836329
9705,本月總噸位 (噸),2872203
9706,本月總噸位 (噸),2873654
9707,本月總噸位 (噸),2873654
9708,本月總噸位 (噸),2873654
9709,本月總噸位 (噸),2869557
9710,本月總噸位 (噸),2864555
9711,本月總噸位 (噸),2866847
9712,本月總噸位 (噸),2866847
9801,本月總噸位 (噸),2771531
9802,本月總噸位 (噸),2773216
9803,本月總噸位 (噸),2773216
9804,本月總噸位 (噸),2746514
9805,本月總噸位 (噸),2757928
9806,本月總噸位 (噸),2757928
9807,本月總噸位 (噸),2618920
9808,本月總噸位 (噸),2848015
9809,本月總噸位 (噸),2641940
9810,本月總噸位 (噸),2568829
9811,本月總噸位 (噸),2709013
9812,本月總噸位 (噸),2702466
9901,本月總噸位 (噸),2704571
9902,本月總噸位 (噸),2679336
9903,本月總噸位 (噸),2679336
9904,本月總噸位 (噸),2680829
9905,本月總噸位 (噸),2564172
9906,本月總噸位 (噸),2582674
9907,本月總噸位 (噸),2587450
9908,本月總噸位 (噸),2578195
9909,本月總噸位 (噸),2725544
9910,本月總噸位 (噸),2741031
9911,本月總噸位 (噸),2746761
9912,本月總噸位 (噸),2789470
10001,本月總噸位 (噸),2696943
10002,本月總噸位 (噸),2677862
10003,本月總噸位 (噸),2756508
10004,本月總噸位 (噸),2756706
10005,本月總噸位 (噸),2844091
10006,本月總噸位 (噸),2859186
10007,本月總噸位 (噸),2937832
10008,本月總噸位 (噸),2942846
10009,本月總噸位 (噸),2851086
10010,本月總噸位 (噸),2913836
10011,本月總噸位 (噸),2916315
10012,本月總噸位 (噸),2887336
10101,本月總噸位 (噸),2852241
10102,本月總噸位 (噸),2852241
10103,本月總噸位 (噸),2852241
10104,本月總噸位 (噸),2958609
10105,本月總噸位 (噸),2839171
10106,本月總噸位 (噸),2880109
10107,本月總噸位 (噸),2872925
10108,本月總噸位 (噸),2963457
10109,本月總噸位 (噸),2963457
10110,本月總噸位 (噸),3050991
10111,本月總噸位 (噸),3166076
10112,本月總噸位 (噸),3113199
10201,本月總噸位 (噸),3101647
10202,本月總噸位 (噸),3130336
10203,本月總噸位 (噸),3130336
10204,本月總噸位 (噸),3136282
10205,本月總噸位 (噸),3190704
10206,本月總噸位 (噸),3387872
10207,本月總噸位 (噸),3350163
10208,本月總噸位 (噸),3350163
10209,本月總噸位 (噸),3333046
10210,本月總噸位 (噸),3365080
10211,本月總噸位 (噸),3365080
10212,本月總噸位 (噸),3375670
10301,本月總噸位 (噸),3269962
10302,本月總噸位 (噸),3371463
10303,本月總噸位 (噸),3336544
10304,本月總噸位 (噸),3587036
10305,本月總噸位 (噸),3587213
10306,本月總噸位 (噸),3587213
10307,本月總噸位 (噸),3633920
10308,本月總噸位 (噸),3633920
10309,本月總噸位 (噸),3587223
10310,本月總噸位 (噸),3587223
10311,本月總噸位 (噸),3634158
10312,本月總噸位 (噸),3636721
10401,本月總噸位 (噸),3753155
10402,本月總噸位 (噸),3753155
10403,本月總噸位 (噸),3759507
10404,本月總噸位 (噸),3859453
10405,本月總噸位 (噸),3822239
10406,本月總噸位 (噸),3822780
10407,本月總噸位 (噸),3834207
10408,本月總噸位 (噸),3829453
10409,本月總噸位 (噸),3829821
10410,本月總噸位 (噸),3829821
10411,本月總噸位 (噸),3847052
10412,本月總噸位 (噸),3848533
10501,本月總噸位 (噸),3848533
10502,本月總噸位 (噸),3847540
10503,本月總噸位 (噸),3862033
10504,本月總噸位 (噸),3780720
10505,本月總噸位 (噸),3594298
10506,本月總噸位 (噸),3512186
10507,本月總噸位 (噸),3512186
10508,本月總噸位 (噸),3522256
10509,本月總噸位 (噸),3521518
10510,本月總噸位 (噸),3477876
10511,本月總噸位 (噸),3478477
10512,本月總噸位 (噸),3462837
10601,本月總噸位 (噸),3493278
10602,本月總噸位 (噸),3525348
10603,本月總噸位 (噸),3540443
10604,本月總噸位 (噸),3559402
10605,本月總噸位 (噸),3544307
10606,本月總噸位 (噸),3544179
10607,本月總噸位 (噸),3540021
10608,本月總噸位 (噸),3539220
10609,本月總噸位 (噸),3531857
10610,本月總噸位 (噸),3564020
10611,本月總噸位 (噸),3578719
10612,本月總噸位 (噸),3578719
10701,本月總噸位 (噸),3576435
10702,本月總噸位 (噸),3576776
10703,本月總噸位 (噸),3822787
10704,本月總噸位 (噸),4061917
10705,本月總噸位 (噸),4067311
10706,本月總噸位 (噸),4094956
10707,本月總噸位 (噸),4156517
10708,本月總噸位 (噸),4156517
10709,本月總噸位 (噸),4155301
10710,本月總噸位 (噸),4185955
10711,本月總噸位 (噸),4183547
10712,本月總噸位 (噸),4173822
10801,本月總噸位 (噸),4213791
10802,本月總噸位 (噸),4185638
10803,本月總噸位 (噸),4187216
10804,本月總噸位 (噸),4192337
10805,本月總噸位 (噸),4335726
10806,本月總噸位 (噸),4381303
10807,本月總噸位 (噸),4487267
10808,本月總噸位 (噸),4486058
10809,本月總噸位 (噸),4526050
10810,本月總噸位 (噸),4740562
10811,本月總噸位 (噸),4721373
10812,本月總噸位 (噸),4724654
10901,本月總噸位 (噸),4832219
10902,本月總噸位 (噸),4828863
10903,本月總噸位 (噸),5050030
10904,本月總噸位 (噸),5052673
10905,本月總噸位 (噸),5179785
10906,本月總噸位 (噸),5091597
10907,本月總噸位 (噸),5105113
10908,本月總噸位 (噸),5105365
10909,本月總噸位 (噸),4922279
10910,本月總噸位 (噸),4930631
10911,本月總噸位 (噸),4926628
10912,本月總噸位 (噸),4926783
11001,本月總噸位 (噸),4926783
11002,本月總噸位 (噸),4905612
11003,本月總噸位 (噸),4810663
11004,本月總噸位 (噸),4790500
11005,本月總噸位 (噸),4790500
11006,本月總噸位 (噸),4790500
11007,本月總噸位 (噸),4790500
9001,本月艘數 (艘),290
9002,本月艘數 (艘),288
9003,本月艘數 (艘),281
9004,本月艘數 (艘),283
9005,本月艘數 (艘),280
9006,本月艘數 (艘),282
9007,本月艘數 (艘),280
9008,本月艘數 (艘),278
9009,本月艘數 (艘),280
9010,本月艘數 (艘),280
9011,本月艘數 (艘),279
9012,本月艘數 (艘),277
9101,本月艘數 (艘),278
9102,本月艘數 (艘),277
9103,本月艘數 (艘),273
9104,本月艘數 (艘),273
9105,本月艘數 (艘),275
9106,本月艘數 (艘),275
9107,本月艘數 (艘),274
9108,本月艘數 (艘),276
9109,本月艘數 (艘),274
9110,本月艘數 (艘),270
9111,本月艘數 (艘),271
9112,本月艘數 (艘),270
9201,本月艘數 (艘),273
9202,本月艘數 (艘),273
9203,本月艘數 (艘),271
9204,本月艘數 (艘),271
9205,本月艘數 (艘),269
9206,本月艘數 (艘),267
9207,本月艘數 (艘),268
9208,本月艘數 (艘),270
9209,本月艘數 (艘),271
9210,本月艘數 (艘),273
9211,本月艘數 (艘),270
9212,本月艘數 (艘),267
9301,本月艘數 (艘),267
9302,本月艘數 (艘),266
9303,本月艘數 (艘),267
9304,本月艘數 (艘),266
9305,本月艘數 (艘),273
9306,本月艘數 (艘),273
9307,本月艘數 (艘),274
9308,本月艘數 (艘),273
9309,本月艘數 (艘),272
9310,本月艘數 (艘),271
9311,本月艘數 (艘),272
9312,本月艘數 (艘),272
9401,本月艘數 (艘),273
9402,本月艘數 (艘),275
9403,本月艘數 (艘),276
9404,本月艘數 (艘),277
9405,本月艘數 (艘),277
9406,本月艘數 (艘),276
9407,本月艘數 (艘),273
9408,本月艘數 (艘),272
9409,本月艘數 (艘),273
9410,本月艘數 (艘),272
9411,本月艘數 (艘),271
9412,本月艘數 (艘),270
9501,本月艘數 (艘),270
9502,本月艘數 (艘),269
9503,本月艘數 (艘),265
9504,本月艘數 (艘),265
9505,本月艘數 (艘),266
9506,本月艘數 (艘),265
9507,本月艘數 (艘),262
9508,本月艘數 (艘),261
9509,本月艘數 (艘),260
9510,本月艘數 (艘),261
9511,本月艘數 (艘),259
9512,本月艘數 (艘),258
9601,本月艘數 (艘),257
9602,本月艘數 (艘),256
9603,本月艘數 (艘),257
9604,本月艘數 (艘),258
9605,本月艘數 (艘),259
9606,本月艘數 (艘),257
9607,本月艘數 (艘),257
9608,本月艘數 (艘),258
9609,本月艘數 (艘),255
9610,本月艘數 (艘),256
9611,本月艘數 (艘),256
9612,本月艘數 (艘),260
9701,本月艘數 (艘),260
9702,本月艘數 (艘),260
9703,本月艘數 (艘),261
9704,本月艘數 (艘),261
9705,本月艘數 (艘),262
9706,本月艘數 (艘),263
9707,本月艘數 (艘),263
9708,本月艘數 (艘),263
9709,本月艘數 (艘),262
9710,本月艘數 (艘),261
9711,本月艘數 (艘),262
9712,本月艘數 (艘),262
9801,本月艘數 (艘),259
9802,本月艘數 (艘),260
9803,本月艘數 (艘),260
9804,本月艘數 (艘),258
9805,本月艘數 (艘),260
9806,本月艘數 (艘),260
9807,本月艘數 (艘),258
9808,本月艘數 (艘),263
9809,本月艘數 (艘),260
9810,本月艘數 (艘),261
9811,本月艘數 (艘),264
9812,本月艘數 (艘),263
9901,本月艘數 (艘),265
9902,本月艘數 (艘),265
9903,本月艘數 (艘),265
9904,本月艘數 (艘),266
9905,本月艘數 (艘),267
9906,本月艘數 (艘),268
9907,本月艘數 (艘),270
9908,本月艘數 (艘),269
9909,本月艘數 (艘),272
9910,本月艘數 (艘),273
9911,本月艘數 (艘),275
9912,本月艘數 (艘),276
10001,本月艘數 (艘),275
10002,本月艘數 (艘),274
10003,本月艘數 (艘),276
10004,本月艘數 (艘),277
10005,本月艘數 (艘),280
10006,本月艘數 (艘),281
10007,本月艘數 (艘),283
10008,本月艘數 (艘),284
10009,本月艘數 (艘),284
10010,本月艘數 (艘),285
10011,本月艘數 (艘),286
10012,本月艘數 (艘),285
10101,本月艘數 (艘),282
10102,本月艘數 (艘),282
10103,本月艘數 (艘),282
10104,本月艘數 (艘),283
10105,本月艘數 (艘),282
10106,本月艘數 (艘),281
10107,本月艘數 (艘),280
10108,本月艘數 (艘),281
10109,本月艘數 (艘),281
10110,本月艘數 (艘),281
10111,本月艘數 (艘),283
10112,本月艘數 (艘),284
10201,本月艘數 (艘),286
10202,本月艘數 (艘),289
10203,本月艘數 (艘),289
10204,本月艘數 (艘),292
10205,本月艘數 (艘),292
10206,本月艘數 (艘),293
10207,本月艘數 (艘),292
10208,本月艘數 (艘),292
10209,本月艘數 (艘),291
10210,本月艘數 (艘),290
10211,本月艘數 (艘),290
10212,本月艘數 (艘),293
10301,本月艘數 (艘),291
10302,本月艘數 (艘),293
10303,本月艘數 (艘),293
10304,本月艘數 (艘),296
10305,本月艘數 (艘),297
10306,本月艘數 (艘),297
10307,本月艘數 (艘),300
10308,本月艘數 (艘),300
10309,本月艘數 (艘),299
10310,本月艘數 (艘),299
10311,本月艘數 (艘),300
10312,本月艘數 (艘),301
10401,本月艘數 (艘),303
10402,本月艘數 (艘),303
10403,本月艘數 (艘),304
10404,本月艘數 (艘),305
10405,本月艘數 (艘),302
10406,本月艘數 (艘),304
10407,本月艘數 (艘),307
10408,本月艘數 (艘),306
10409,本月艘數 (艘),308
10410,本月艘數 (艘),308
10411,本月艘數 (艘),309
10412,本月艘數 (艘),310
10501,本月艘數 (艘),310
10502,本月艘數 (艘),309
10503,本月艘數 (艘),310
10504,本月艘數 (艘),311
10505,本月艘數 (艘),280
10506,本月艘數 (艘),279
10507,本月艘數 (艘),279
10508,本月艘數 (艘),281
10509,本月艘數 (艘),280
10510,本月艘數 (艘),279
10511,本月艘數 (艘),279
10512,本月艘數 (艘),277
10601,本月艘數 (艘),279
10602,本月艘數 (艘),281
10603,本月艘數 (艘),282
10604,本月艘數 (艘),284
10605,本月艘數 (艘),283
10606,本月艘數 (艘),283
10607,本月艘數 (艘),283
10608,本月艘數 (艘),282
10609,本月艘數 (艘),282
10610,本月艘數 (艘),283
10611,本月艘數 (艘),283
10612,本月艘數 (艘),283
10701,本月艘數 (艘),283
10702,本月艘數 (艘),284
10703,本月艘數 (艘),287
10704,本月艘數 (艘),275
10705,本月艘數 (艘),276
10706,本月艘數 (艘),276
10707,本月艘數 (艘),278
10708,本月艘數 (艘),278
10709,本月艘數 (艘),276
10710,本月艘數 (艘),276
10711,本月艘數 (艘),274
10712,本月艘數 (艘),267
10801,本月艘數 (艘),270
10802,本月艘數 (艘),269
10803,本月艘數 (艘),272
10804,本月艘數 (艘),271
10805,本月艘數 (艘),274
10806,本月艘數 (艘),275
10807,本月艘數 (艘),276
10808,本月艘數 (艘),276
10809,本月艘數 (艘),278
10810,本月艘數 (艘),280
10811,本月艘數 (艘),276
10812,本月艘數 (艘),278
10901,本月艘數 (艘),280
10902,本月艘數 (艘),278
10903,本月艘數 (艘),282
10904,本月艘數 (艘),283
10905,本月艘數 (艘),279
10906,本月艘數 (艘),283
10907,本月艘數 (艘),284
10908,本月艘數 (艘),284
10909,本月艘數 (艘),282
10910,本月艘數 (艘),282
10911,本月艘數 (艘),281
10912,本月艘數 (艘),281
11001,本月艘數 (艘),281
11002,本月艘數 (艘),280
11003,本月艘數 (艘),282
11004,本月艘數 (艘),280
11005,本月艘數 (艘),280
11006,本月艘數 (艘),280
11007,本月艘數 (艘),280
9001,上月減少載重噸 (噸),0
9002,上月減少載重噸 (噸),8180501
9003,上月減少載重噸 (噸),7897335
9004,上月減少載重噸 (噸),0
9005,上月減少載重噸 (噸),7796481
9006,上月減少載重噸 (噸),0
9007,上月減少載重噸 (噸),0
9008,上月減少載重噸 (噸),7744518
9009,上月減少載重噸 (噸),0
9010,上月減少載重噸 (噸),7648734
9011,上月減少載重噸 (噸),7577063
9012,上月減少載重噸 (噸),7470516
9101,上月減少載重噸 (噸),7438552
9102,上月減少載重噸 (噸),7428607
9103,上月減少載重噸 (噸),7291636
9104,上月減少載重噸 (噸),0
9105,上月減少載重噸 (噸),7427704
9106,上月減少載重噸 (噸),0
9107,上月減少載重噸 (噸),7421656
9108,上月減少載重噸 (噸),0
9109,上月減少載重噸 (噸),7192342
9110,上月減少載重噸 (噸),6949337
9111,上月減少載重噸 (噸),6882688
9112,上月減少載重噸 (噸),6789178
9201,上月減少載重噸 (噸),0
9202,上月減少載重噸 (噸),6811509
9203,上月減少載重噸 (噸),6703910
9204,上月減少載重噸 (噸),6650710
9205,上月減少載重噸 (噸),6438626
9206,上月減少載重噸 (噸),6222413
9207,上月減少載重噸 (噸),0
9208,上月減少載重噸 (噸),0
9209,上月減少載重噸 (噸),0
9210,上月減少載重噸 (噸),6254510
9211,上月減少載重噸 (噸),6185754
9212,上月減少載重噸 (噸),6092353
9301,上月減少載重噸 (噸),5979508
9302,上月減少載重噸 (噸),5933513
9303,上月減少載重噸 (噸),0
9304,上月減少載重噸 (噸),5865200
9305,上月減少載重噸 (噸),0
9306,上月減少載重噸 (噸),0
9307,上月減少載重噸 (噸),0
9308,上月減少載重噸 (噸),0
9309,上月減少載重噸 (噸),6087748
9310,上月減少載重噸 (噸),6064073
9311,上月減少載重噸 (噸),6057808
9312,上月減少載重噸 (噸),6000193
9401,上月減少載重噸 (噸),0
9402,上月減少載重噸 (噸),0
9403,上月減少載重噸 (噸),0
9404,上月減少載重噸 (噸),6002927
9405,上月減少載重噸 (噸),6002320
9406,上月減少載重噸 (噸),5852787
9407,上月減少載重噸 (噸),5709286
9408,上月減少載重噸 (噸),5694055
9409,上月減少載重噸 (噸),0
9410,上月減少載重噸 (噸),5694051
9411,上月減少載重噸 (噸),5544575
9412,上月減少載重噸 (噸),5485522
9501,上月減少載重噸 (噸),5478774
9502,上月減少載重噸 (噸),5461068
9503,上月減少載重噸 (噸),5363685
9504,上月減少載重噸 (噸),5321991
9505,上月減少載重噸 (噸),0
9506,上月減少載重噸 (噸),5264254
9507,上月減少載重噸 (噸),5110695
9508,上月減少載重噸 (噸),5110674
9509,上月減少載重噸 (噸),5038997
9510,上月減少載重噸 (噸),0
9511,上月減少載重噸 (噸),5017162
9512,上月減少載重噸 (噸),4962980
9601,上月減少載重噸 (噸),4735269
9602,上月減少載重噸 (噸),4713243
9603,上月減少載重噸 (噸),0
9604,上月減少載重噸 (噸),0
9605,上月減少載重噸 (噸),4738966
9606,上月減少載重噸 (噸),4664258
9607,上月減少載重噸 (噸),0
9608,上月減少載重噸 (噸),0
9609,上月減少載重噸 (噸),4585996
9610,上月減少載重噸 (噸),0
9611,上月減少載重噸 (噸),0
9612,上月減少載重噸 (噸),0
9701,上月減少載重噸 (噸),0
9702,上月減少載重噸 (噸),4662435
9703,上月減少載重噸 (噸),0
9704,上月減少載重噸 (噸),4650393
9705,上月減少載重噸 (噸),0
9706,上月減少載重噸 (噸),0
9707,上月減少載重噸 (噸),0
9708,上月減少載重噸 (噸),0
9709,上月減少載重噸 (噸),4714926
9710,上月減少載重噸 (噸),4706332
9711,上月減少載重噸 (噸),0
9712,上月減少載重噸 (噸),0
9801,上月減少載重噸 (噸),4603753
9802,上月減少載重噸 (噸),0
9803,上月減少載重噸 (噸),0
9804,上月減少載重噸 (噸),4563937
9805,上月減少載重噸 (噸),0
9806,上月減少載重噸 (噸),0
9807,上月減少載重噸 (噸),4366772
9808,上月減少載重噸 (噸),0
9809,上月減少載重噸 (噸),4238688
9810,上月減少載重噸 (噸),4105169
9811,上月減少載重噸 (噸),0
9812,上月減少載重噸 (噸),4234470
9901,上月減少載重噸 (噸),0
9902,上月減少載重噸 (噸),4195400
9903,上月減少載重噸 (噸),0
9904,上月減少載重噸 (噸),0
9905,上月減少載重噸 (噸),3994141
9906,上月減少載重噸 (噸),0
9907,上月減少載重噸 (噸),0
9908,上月減少載重噸 (噸),4010123
9909,上月減少載重噸 (噸),0
9910,上月減少載重噸 (噸),0
9911,上月減少載重噸 (噸),0
9912,上月減少載重噸 (噸),0
10001,上月減少載重噸 (噸),4246598
10002,上月減少載重噸 (噸),4210947
10003,上月減少載重噸 (噸),0
10004,上月減少載重噸 (噸),0
10005,上月減少載重噸 (噸),0
10006,上月減少載重噸 (噸),0
10007,上月減少載重噸 (噸),0
10008,上月減少載重噸 (噸),0
10009,上月減少載重噸 (噸),4504005
10010,上月減少載重噸 (噸),0
10011,上月減少載重噸 (噸),0
10012,上月減少載重噸 (噸),4584135
10101,上月減少載重噸 (噸),4528057
10102,上月減少載重噸 (噸),0
10103,上月減少載重噸 (噸),0
10104,上月減少載重噸 (噸),0
10105,上月減少載重噸 (噸),4567253
10106,上月減少載重噸 (噸),0
10107,上月減少載重噸 (噸),4610304
10108,上月減少載重噸 (噸),0
10109,上月減少載重噸 (噸),0
10110,上月減少載重噸 (噸),0
10111,上月減少載重噸 (噸),0
10112,上月減少載重噸 (噸),4777817
10201,上月減少載重噸 (噸),4724799
10202,上月減少載重噸 (噸),0
10203,上月減少載重噸 (噸),0
10204,上月減少載重噸 (噸),0
10205,上月減少載重噸 (噸),0
10206,上月減少載重噸 (噸),0
10207,上月減少載重噸 (噸),4948624
10208,上月減少載重噸 (噸),0
10209,上月減少載重噸 (噸),4924896
10210,上月減少載重噸 (噸),0
10211,上月減少載重噸 (噸),0
10212,上月減少載重噸 (噸),0
10301,上月減少載重噸 (噸),4980361
10302,上月減少載重噸 (噸),0
10303,上月減少載重噸 (噸),5019142
10304,上月減少載重噸 (噸),0
10305,上月減少載重噸 (噸),0
10306,上月減少載重噸 (噸),0
10307,上月減少載重噸 (噸),0
10308,上月減少載重噸 (噸),0
10309,上月減少載重噸 (噸),5396099
10310,上月減少載重噸 (噸),0
10311,上月減少載重噸 (噸),0
10312,上月減少載重噸 (噸),0
10401,上月減少載重噸 (噸),0
10402,上月減少載重噸 (噸),0
10403,上月減少載重噸 (噸),0
10404,上月減少載重噸 (噸),0
10405,上月減少載重噸 (噸),5672395
10406,上月減少載重噸 (噸),0
10407,上月減少載重噸 (噸),0
10408,上月減少載重噸 (噸),5675034
10409,上月減少載重噸 (噸),0
10410,上月減少載重噸 (噸),0
10411,上月減少載重噸 (噸),0
10412,上月減少載重噸 (噸),0
10501,上月減少載重噸 (噸),0
10502,上月減少載重噸 (噸),5678864
10503,上月減少載重噸 (噸),0
10504,上月減少載重噸 (噸),5540830
10505,上月減少載重噸 (噸),5203499
10506,上月減少載重噸 (噸),5048974
10507,上月減少載重噸 (噸),0
10508,上月減少載重噸 (噸),0
10509,上月減少載重噸 (噸),5059909
10510,上月減少載重噸 (噸),4979440
10511,上月減少載重噸 (噸),4978642
10512,上月減少載重噸 (噸),4957630
10601,上月減少載重噸 (噸),0
10602,上月減少載重噸 (噸),0
10603,上月減少載重噸 (噸),0
10604,上月減少載重噸 (噸),0
10605,上月減少載重噸 (噸),5084154
10606,上月減少載重噸 (噸),5083803
10607,上月減少載重噸 (噸),5079441
10608,上月減少載重噸 (噸),5078342
10609,上月減少載重噸 (噸),5068155
10610,上月減少載重噸 (噸),0
10611,上月減少載重噸 (噸),0
10612,上月減少載重噸 (噸),0
10701,上月減少載重噸 (噸),5116701
10702,上月減少載重噸 (噸),0
10703,上月減少載重噸 (噸),0
10704,上月減少載重噸 (噸),0
10705,上月減少載重噸 (噸),0
10706,上月減少載重噸 (噸),6009013
10707,上月減少載重噸 (噸),0
10708,上月減少載重噸 (噸),6115938
10709,上月減少載重噸 (噸),6112538
10710,上月減少載重噸 (噸),0
10711,上月減少載重噸 (噸),6145169
10712,上月減少載重噸 (噸),6135975
10801,上月減少載重噸 (噸),0
10802,上月減少載重噸 (噸),6142184
10803,上月減少載重噸 (噸),0
10804,上月減少載重噸 (噸),6144692
10805,上月減少載重噸 (噸),0
10806,上月減少載重噸 (噸),0
10807,上月減少載重噸 (噸),0
10808,上月減少載重噸 (噸),6676435
10809,上月減少載重噸 (噸),0
10810,上月減少載重噸 (噸),0
10811,上月減少載重噸 (噸),7109845
10812,上月減少載重噸 (噸),7112301
10901,上月減少載重噸 (噸),0
10902,上月減少載重噸 (噸),0
10903,上月減少載重噸 (噸),0
10904,上月減少載重噸 (噸),0
10905,上月減少載重噸 (噸),0
10906,上月減少載重噸 (噸),7824850
10907,上月減少載重噸 (噸),0
10908,上月減少載重噸 (噸),0
10909,上月減少載重噸 (噸),7513642
10910,上月減少載重噸 (噸),0
10911,上月減少載重噸 (噸),7527047
10912,上月減少載重噸 (噸),0
11001,上月減少載重噸 (噸),0
11002,上月減少載重噸 (噸),0
11003,上月減少載重噸 (噸),7299526
11004,上月減少載重噸 (噸),7262050
11005,上月減少載重噸 (噸),0
11006,上月減少載重噸 (噸),0
11007,上月減少載重噸 (噸),0
9001,上月減少總噸位 (噸),0
9002,上月減少總噸位 (噸),5232496
9003,上月減少總噸位 (噸),5040722
9004,上月減少總噸位 (噸),0
9005,上月減少總噸位 (噸),5012320
9006,上月減少總噸位 (噸),0
9007,上月減少總噸位 (噸),0
9008,上月減少總噸位 (噸),4968270
9009,上月減少總噸位 (噸),0
9010,上月減少總噸位 (噸),4921506
9011,上月減少總噸位 (噸),4883797
9012,上月減少總噸位 (噸),4790696
9101,上月減少總噸位 (噸),4767485
9102,上月減少總噸位 (噸),4760542
9103,上月減少總噸位 (噸),4623520
9104,上月減少總噸位 (噸),0
9105,上月減少總噸位 (噸),4682677
9106,上月減少總噸位 (噸),0
9107,上月減少總噸位 (噸),4680080
9108,上月減少總噸位 (噸),0
9109,上月減少總噸位 (噸),4543173
9110,上月減少總噸位 (噸),4362001
9111,上月減少總噸位 (噸),4328195
9112,上月減少總噸位 (噸),4235198
9201,上月減少總噸位 (噸),4226682
9202,上月減少總噸位 (噸),4224153
9203,上月減少總噸位 (噸),4147415
9204,上月減少總噸位 (噸),4101483
9205,上月減少總噸位 (噸),3916678
9206,上月減少總噸位 (噸),3803245
9207,上月減少總噸位 (噸),0
9208,上月減少總噸位 (噸),0
9209,上月減少總噸位 (噸),0
9210,上月減少總噸位 (噸),3828530
9211,上月減少總噸位 (噸),3788193
9212,上月減少總噸位 (噸),3736647
9301,上月減少總噸位 (噸),3655546
9302,上月減少總噸位 (噸),3608849
9303,上月減少總噸位 (噸),0
9304,上月減少總噸位 (噸),3573697
9305,上月減少總噸位 (噸),0
9306,上月減少總噸位 (噸),0
9307,上月減少總噸位 (噸),0
9308,上月減少總噸位 (噸),3748152
9309,上月減少總噸位 (噸),3747436
9310,上月減少總噸位 (噸),3730310
9311,上月減少總噸位 (噸),3727141
9312,上月減少總噸位 (噸),3708364
9401,上月減少總噸位 (噸),0
9402,上月減少總噸位 (噸),0
9403,上月減少總噸位 (噸),0
9404,上月減少總噸位 (噸),3704921
9405,上月減少總噸位 (噸),3701745
9406,上月減少總噸位 (噸),3624649
9407,上月減少總噸位 (噸),3492877
9408,上月減少總噸位 (噸),3482925
9409,上月減少總噸位 (噸),0
9410,上月減少總噸位 (噸),3482896
9411,上月減少總噸位 (噸),3405525
9412,上月減少總噸位 (噸),3376021
9501,上月減少總噸位 (噸),3371731
9502,上月減少總噸位 (噸),3358485
9503,上月減少總噸位 (噸),3283232
9504,上月減少總噸位 (噸),3251598
9505,上月減少總噸位 (噸),3250046
9506,上月減少總噸位 (噸),3195753
9507,上月減少總噸位 (噸),3085577
9508,上月減少總噸位 (噸),3085366
9509,上月減少總噸位 (噸),3047512
9510,上月減少總噸位 (噸),0
9511,上月減少總噸位 (噸),3031024
9512,上月減少總噸位 (噸),3006168
9601,上月減少總噸位 (噸),2882078
9602,上月減少總噸位 (噸),2865591
9603,上月減少總噸位 (噸),0
9604,上月減少總噸位 (噸),0
9605,上月減少總噸位 (噸),2889259
9606,上月減少總噸位 (噸),2830760
9607,上月減少總噸位 (噸),0
9608,上月減少總噸位 (噸),0
9609,上月減少總噸位 (噸),2785277
9610,上月減少總噸位 (噸),0
9611,上月減少總噸位 (噸),0
9612,上月減少總噸位 (噸),0
9701,上月減少總噸位 (噸),0
9702,上月減少總噸位 (噸),2846120
9703,上月減少總噸位 (噸),0
9704,上月減少總噸位 (噸),2836068
9705,上月減少總噸位 (噸),0
9706,上月減少總噸位 (噸),0
9707,上月減少總噸位 (噸),0
9708,上月減少總噸位 (噸),0
9709,上月減少總噸位 (噸),2869294
9710,上月減少總噸位 (噸),2864293
9711,上月減少總噸位 (噸),0
9712,上月減少總噸位 (噸),0
9801,上月減少總噸位 (噸),2771269
9802,上月減少總噸位 (噸),0
9803,上月減少總噸位 (噸),0
9804,上月減少總噸位 (噸),2746254
9805,上月減少總噸位 (噸),0
9806,上月減少總噸位 (噸),0
9807,上月減少總噸位 (噸),2618660
9808,上月減少總噸位 (噸),0
9809,上月減少總噸位 (噸),2641677
9810,上月減少總噸位 (噸),2568569
9811,上月減少總噸位 (噸),0
9812,上月減少總噸位 (噸),2702202
9901,上月減少總噸位 (噸),0
9902,上月減少總噸位 (噸),2679071
9903,上月減少總噸位 (噸),0
9904,上月減少總噸位 (噸),0
9905,上月減少總噸位 (噸),2563906
9906,上月減少總噸位 (噸),0
9907,上月減少總噸位 (噸),0
9908,上月減少總噸位 (噸),2577925
9909,上月減少總噸位 (噸),0
9910,上月減少總噸位 (噸),0
9911,上月減少總噸位 (噸),0
9912,上月減少總噸位 (噸),0
10001,上月減少總噸位 (噸),2696667
10002,上月減少總噸位 (噸),2677587
10003,上月減少總噸位 (噸),0
10004,上月減少總噸位 (噸),0
10005,上月減少總噸位 (噸),0
10006,上月減少總噸位 (噸),0
10007,上月減少總噸位 (噸),0
10008,上月減少總噸位 (噸),0
10009,上月減少總噸位 (噸),2850802
10010,上月減少總噸位 (噸),0
10011,上月減少總噸位 (噸),0
10012,上月減少總噸位 (噸),2887050
10101,上月減少總噸位 (噸),2851956
10102,上月減少總噸位 (噸),0
10103,上月減少總噸位 (噸),0
10104,上月減少總噸位 (噸),0
10105,上月減少總噸位 (噸),2838888
10106,上月減少總噸位 (噸),0
10107,上月減少總噸位 (噸),2872644
10108,上月減少總噸位 (噸),0
10109,上月減少總噸位 (噸),0
10110,上月減少總噸位 (噸),0
10111,上月減少總噸位 (噸),0
10112,上月減少總噸位 (噸),3112916
10201,上月減少總噸位 (噸),3101363
10202,上月減少總噸位 (噸),0
10203,上月減少總噸位 (噸),0
10204,上月減少總噸位 (噸),0
10205,上月減少總噸位 (噸),0
10206,上月減少總噸位 (噸),0
10207,上月減少總噸位 (噸),3349870
10208,上月減少總噸位 (噸),0
10209,上月減少總噸位 (噸),3332754
10210,上月減少總噸位 (噸),0
10211,上月減少總噸位 (噸),0
10212,上月減少總噸位 (噸),0
10301,上月減少總噸位 (噸),3269669
10302,上月減少總噸位 (噸),0
10303,上月減少總噸位 (噸),3336251
10304,上月減少總噸位 (噸),0
10305,上月減少總噸位 (噸),0
10306,上月減少總噸位 (噸),0
10307,上月減少總噸位 (噸),0
10308,上月減少總噸位 (噸),0
10309,上月減少總噸位 (噸),3586923
10310,上月減少總噸位 (噸),0
10311,上月減少總噸位 (噸),0
10312,上月減少總噸位 (噸),0
10401,上月減少總噸位 (噸),0
10402,上月減少總噸位 (噸),0
10403,上月減少總噸位 (噸),0
10404,上月減少總噸位 (噸),0
10405,上月減少總噸位 (噸),3821934
10406,上月減少總噸位 (噸),0
10407,上月減少總噸位 (噸),0
10408,上月減少總噸位 (噸),3829146
10409,上月減少總噸位 (噸),0
10410,上月減少總噸位 (噸),0
10411,上月減少總噸位 (噸),0
10412,上月減少總噸位 (噸),0
10501,上月減少總噸位 (噸),0
10502,上月減少總噸位 (噸),3847230
10503,上月減少總噸位 (噸),0
10504,上月減少總噸位 (噸),3780410
10505,上月減少總噸位 (噸),3593987
10506,上月減少總噸位 (噸),3511906
10507,上月減少總噸位 (噸),0
10508,上月減少總噸位 (噸),0
10509,上月減少總噸位 (噸),3521237
10510,上月減少總噸位 (噸),3477596
10511,上月減少總噸位 (噸),0
10512,上月減少總噸位 (噸),3462558
10601,上月減少總噸位 (噸),0
10602,上月減少總噸位 (噸),0
10603,上月減少總噸位 (噸),0
10604,上月減少總噸位 (噸),0
10605,上月減少總噸位 (噸),3544023
10606,上月減少總噸位 (噸),3543896
10607,上月減少總噸位 (噸),3539738
10608,上月減少總噸位 (噸),3538937
10609,上月減少總噸位 (噸),3531575
10610,上月減少總噸位 (噸),0
10611,上月減少總噸位 (噸),0
10612,上月減少總噸位 (噸),0
10701,上月減少總噸位 (噸),3576152
10702,上月減少總噸位 (噸),0
10703,上月減少總噸位 (噸),0
10704,上月減少總噸位 (噸),0
10705,上月減少總噸位 (噸),0
10706,上月減少總噸位 (噸),0
10707,上月減少總噸位 (噸),0
10708,上月減少總噸位 (噸),4156238
10709,上月減少總噸位 (噸),4155024
10710,上月減少總噸位 (噸),0
10711,上月減少總噸位 (噸),4183271
10712,上月減少總噸位 (噸),4173548
10801,上月減少總噸位 (噸),0
10802,上月減少總噸位 (噸),4185368
10803,上月減少總噸位 (噸),0
10804,上月減少總噸位 (噸),4192065
10805,上月減少總噸位 (噸),0
10806,上月減少總噸位 (噸),0
10807,上月減少總噸位 (噸),0
10808,上月減少總噸位 (噸),4485782
10809,上月減少總噸位 (噸),0
10810,上月減少總噸位 (噸),0
10811,上月減少總噸位 (噸),4721094
10812,上月減少總噸位 (噸),4724375
10901,上月減少總噸位 (噸),0
10902,上月減少總噸位 (噸),0
10903,上月減少總噸位 (噸),0
10904,上月減少總噸位 (噸),0
10905,上月減少總噸位 (噸),0
10906,上月減少總噸位 (噸),5091314
10907,上月減少總噸位 (噸),0
10908,上月減少總噸位 (噸),0
10909,上月減少總噸位 (噸),4921997
10910,上月減少總噸位 (噸),0
10911,上月減少總噸位 (噸),4926346
10912,上月減少總噸位 (噸),0
11001,上月減少總噸位 (噸),0
11002,上月減少總噸位 (噸),0
11003,上月減少總噸位 (噸),4810382
11004,上月減少總噸位 (噸),4790218
11005,上月減少總噸位 (噸),0
11006,上月減少總噸位 (噸),0
11007,上月減少總噸位 (噸),0
9001,上月減少艘數 (艘),0
9002,上月減少艘數 (艘),-2
9003,上月減少艘數 (艘),-7
9004,上月減少艘數 (艘),0
9005,上月減少艘數 (艘),-3
9006,上月減少艘數 (艘),0
9007,上月減少艘數 (艘),-2
9008,上月減少艘數 (艘),-2
9009,上月減少艘數 (艘),0
9010,上月減少艘數 (艘),0
9011,上月減少艘數 (艘),-1
9012,上月減少艘數 (艘),-2
9101,上月減少艘數 (艘),0
9102,上月減少艘數 (艘),-1
9103,上月減少艘數 (艘),-4
9104,上月減少艘數 (艘),0
9105,上月減少艘數 (艘),0
9106,上月減少艘數 (艘),0
9107,上月減少艘數 (艘),-1
9108,上月減少艘數 (艘),0
9109,上月減少艘數 (艘),-2
9110,上月減少艘數 (艘),-4
9111,上月減少艘數 (艘),0
9112,上月減少艘數 (艘),-1
9201,上月減少艘數 (艘),0
9202,上月減少艘數 (艘),0
9203,上月減少艘數 (艘),-2
9204,上月減少艘數 (艘),0
9205,上月減少艘數 (艘),-2
9206,上月減少艘數 (艘),-2
9207,上月減少艘數 (艘),0
9208,上月減少艘數 (艘),0
9209,上月減少艘數 (艘),0
9210,上月減少艘數 (艘),0
9211,上月減少艘數 (艘),-3
9212,上月減少艘數 (艘),-3
9301,上月減少艘數 (艘),0
9302,上月減少艘數 (艘),-1
9303,上月減少艘數 (艘),0
9304,上月減少艘數 (艘),-1
9305,上月減少艘數 (艘),0
9306,上月減少艘數 (艘),0
9307,上月減少艘數 (艘),0
9308,上月減少艘數 (艘),-1
9309,上月減少艘數 (艘),-1
9310,上月減少艘數 (艘),-1
9311,上月減少艘數 (艘),0
9312,上月減少艘數 (艘),0
9401,上月減少艘數 (艘),0
9402,上月減少艘數 (艘),0
9403,上月減少艘數 (艘),0
9404,上月減少艘數 (艘),0
9405,上月減少艘數 (艘),0
9406,上月減少艘數 (艘),-1
9407,上月減少艘數 (艘),-3
9408,上月減少艘數 (艘),-1
9409,上月減少艘數 (艘),0
9410,上月減少艘數 (艘),-1
9411,上月減少艘數 (艘),-1
9412,上月減少艘數 (艘),-1
9501,上月減少艘數 (艘),0
9502,上月減少艘數 (艘),-1
9503,上月減少艘數 (艘),-4
9504,上月減少艘數 (艘),0
9505,上月減少艘數 (艘),0
9506,上月減少艘數 (艘),-1
9507,上月減少艘數 (艘),-3
9508,上月減少艘數 (艘),-1
9509,上月減少艘數 (艘),-1
9510,上月減少艘數 (艘),0
9511,上月減少艘數 (艘),-2
9512,上月減少艘數 (艘),-1
9601,上月減少艘數 (艘),-1
9602,上月減少艘數 (艘),-1
9603,上月減少艘數 (艘),0
9604,上月減少艘數 (艘),0
9605,上月減少艘數 (艘),0
9606,上月減少艘數 (艘),-2
9607,上月減少艘數 (艘),0
9608,上月減少艘數 (艘),0
9609,上月減少艘數 (艘),-3
9610,上月減少艘數 (艘),0
9611,上月減少艘數 (艘),0
9612,上月減少艘數 (艘),0
9701,上月減少艘數 (艘),0
9702,上月減少艘數 (艘),0
9703,上月減少艘數 (艘),0
9704,上月減少艘數 (艘),0
9705,上月減少艘數 (艘),0
9706,上月減少艘數 (艘),0
9707,上月減少艘數 (艘),0
9708,上月減少艘數 (艘),0
9709,上月減少艘數 (艘),-1
9710,上月減少艘數 (艘),-1
9711,上月減少艘數 (艘),0
9712,上月減少艘數 (艘),0
9801,上月減少艘數 (艘),-3
9802,上月減少艘數 (艘),0
9803,上月減少艘數 (艘),0
9804,上月減少艘數 (艘),-2
9805,上月減少艘數 (艘),0
9806,上月減少艘數 (艘),0
9807,上月減少艘數 (艘),-2
9808,上月減少艘數 (艘),0
9809,上月減少艘數 (艘),-3
9810,上月減少艘數 (艘),0
9811,上月減少艘數 (艘),0
9812,上月減少艘數 (艘),-1
9901,上月減少艘數 (艘),0
9902,上月減少艘數 (艘),0
9903,上月減少艘數 (艘),0
9904,上月減少艘數 (艘),0
9905,上月減少艘數 (艘),0
9906,上月減少艘數 (艘),0
9907,上月減少艘數 (艘),0
9908,上月減少艘數 (艘),-1
9909,上月減少艘數 (艘),0
9910,上月減少艘數 (艘),0
9911,上月減少艘數 (艘),0
9912,上月減少艘數 (艘),0
10001,上月減少艘數 (艘),-1
10002,上月減少艘數 (艘),-1
10003,上月減少艘數 (艘),0
10004,上月減少艘數 (艘),0
10005,上月減少艘數 (艘),0
10006,上月減少艘數 (艘),0
10007,上月減少艘數 (艘),0
10008,上月減少艘數 (艘),0
10009,上月減少艘數 (艘),0
10010,上月減少艘數 (艘),0
10011,上月減少艘數 (艘),0
10012,上月減少艘數 (艘),-1
10101,上月減少艘數 (艘),-3
10102,上月減少艘數 (艘),0
10103,上月減少艘數 (艘),0
10104,上月減少艘數 (艘),0
10105,上月減少艘數 (艘),-1
10106,上月減少艘數 (艘),-1
10107,上月減少艘數 (艘),-1
10108,上月減少艘數 (艘),0
10109,上月減少艘數 (艘),0
10110,上月減少艘數 (艘),0
10111,上月減少艘數 (艘),0
10112,上月減少艘數 (艘),0
10201,上月減少艘數 (艘),0
10202,上月減少艘數 (艘),0
10203,上月減少艘數 (艘),0
10204,上月減少艘數 (艘),0
10205,上月減少艘數 (艘),0
10206,上月減少艘數 (艘),0
10207,上月減少艘數 (艘),-1
10208,上月減少艘數 (艘),0
10209,上月減少艘數 (艘),-1
10210,上月減少艘數 (艘),-1
10211,上月減少艘數 (艘),0
10212,上月減少艘數 (艘),0
10301,上月減少艘數 (艘),-2
10302,上月減少艘數 (艘),0
10303,上月減少艘數 (艘),0
10304,上月減少艘數 (艘),0
10305,上月減少艘數 (艘),0
10306,上月減少艘數 (艘),0
10307,上月減少艘數 (艘),0
10308,上月減少艘數 (艘),0
10309,上月減少艘數 (艘),-1
10310,上月減少艘數 (艘),0
10311,上月減少艘數 (艘),0
10312,上月減少艘數 (艘),0
10401,上月減少艘數 (艘),0
10402,上月減少艘數 (艘),0
10403,上月減少艘數 (艘),0
10404,上月減少艘數 (艘),0
10405,上月減少艘數 (艘),-3
10406,上月減少艘數 (艘),0
10407,上月減少艘數 (艘),0
10408,上月減少艘數 (艘),-1
10409,上月減少艘數 (艘),0
10410,上月減少艘數 (艘),0
10411,上月減少艘數 (艘),0
10412,上月減少艘數 (艘),0
10501,上月減少艘數 (艘),0
10502,上月減少艘數 (艘),-1
10503,上月減少艘數 (艘),0
10504,上月減少艘數 (艘),0
10505,上月減少艘數 (艘),-31
10506,上月減少艘數 (艘),-1
10507,上月減少艘數 (艘),0
10508,上月減少艘數 (艘),0
10509,上月減少艘數 (艘),-1
10510,上月減少艘數 (艘),-1
10511,上月減少艘數 (艘),0
10512,上月減少艘數 (艘),-2
10601,上月減少艘數 (艘),0
10602,上月減少艘數 (艘),0
10603,上月減少艘數 (艘),0
10604,上月減少艘數 (艘),0
10605,上月減少艘數 (艘),-1
10606,上月減少艘數 (艘),0
10607,上月減少艘數 (艘),0
10608,上月減少艘數 (艘),-1
10609,上月減少艘數 (艘),0
10610,上月減少艘數 (艘),0
10611,上月減少艘數 (艘),0
10612,上月減少艘數 (艘),0
10701,上月減少艘數 (艘),0
10702,上月減少艘數 (艘),0
10703,上月減少艘數 (艘),0
10704,上月減少艘數 (艘),-12
10705,上月減少艘數 (艘),0
10706,上月減少艘數 (艘),0
10707,上月減少艘數 (艘),0
10708,上月減少艘數 (艘),-1
10709,上月減少艘數 (艘),-1
10710,上月減少艘數 (艘),0
10711,上月減少艘數 (艘),-2
10712,上月減少艘數 (艘),-7
10801,上月減少艘數 (艘),0
10802,上月減少艘數 (艘),-1
10803,上月減少艘數 (艘),0
10804,上月減少艘數 (艘),-1
10805,上月減少艘數 (艘),0
10806,上月減少艘數 (艘),0
10807,上月減少艘數 (艘),0
10808,上月減少艘數 (艘),0
10809,上月減少艘數 (艘),0
10810,上月減少艘數 (艘),0
10811,上月減少艘數 (艘),-3
10812,上月減少艘數 (艘),-1
10901,上月減少艘數 (艘),0
10902,上月減少艘數 (艘),0
10903,上月減少艘數 (艘),0
10904,上月減少艘數 (艘),-2
10905,上月減少艘數 (艘),-4
10906,上月減少艘數 (艘),0
10907,上月減少艘數 (艘),0
10908,上月減少艘數 (艘),0
10909,上月減少艘數 (艘),0
10910,上月減少艘數 (艘),0
10911,上月減少艘數 (艘),-1
10912,上月減少艘數 (艘),0
11001,上月減少艘數 (艘),0
11002,上月減少艘數 (艘),0
11003,上月減少艘數 (艘),0
11004,上月減少艘數 (艘),-2
11005,上月減少艘數 (艘),0
11006,上月減少艘數 (艘),0
11007,上月減少艘數 (艘),0
9001,上月增加載重噸 (噸),8479532
9002,上月增加載重噸 (噸),0
9003,上月增加載重噸 (噸),0
9004,上月增加載重噸 (噸),7953484
9005,上月增加載重噸 (噸),0
9006,上月增加載重噸 (噸),7816558
9007,上月增加載重噸 (噸),7818334
9008,上月增加載重噸 (噸),0
9009,上月增加載重噸 (噸),7762584
9010,上月增加載重噸 (噸),0
9011,上月增加載重噸 (噸),0
9012,上月增加載重噸 (噸),0
9101,上月增加載重噸 (噸),0
9102,上月增加載重噸 (噸),0
9103,上月增加載重噸 (噸),0
9104,上月增加載重噸 (噸),7464192
9105,上月增加載重噸 (噸),0
9106,上月增加載重噸 (噸),0
9107,上月增加載重噸 (噸),0
9108,上月增加載重噸 (噸),7426632
9109,上月增加載重噸 (噸),0
9110,上月增加載重噸 (噸),0
9111,上月增加載重噸 (噸),0
9112,上月增加載重噸 (噸),0
9201,上月增加載重噸 (噸),6815125
9202,上月增加載重噸 (噸),0
9203,上月增加載重噸 (噸),0
9204,上月增加載重噸 (噸),0
9205,上月增加載重噸 (噸),0
9206,上月增加載重噸 (噸),0
9207,上月增加載重噸 (噸),6237282
9208,上月增加載重噸 (噸),6276315
9209,上月增加載重噸 (噸),6276338
9210,上月增加載重噸 (噸),0
9211,上月增加載重噸 (噸),0
9212,上月增加載重噸 (噸),0
9301,上月增加載重噸 (噸),0
9302,上月增加載重噸 (噸),0
9303,上月增加載重噸 (噸),5933816
9304,上月增加載重噸 (噸),0
9305,上月增加載重噸 (噸),6079161
9306,上月增加載重噸 (噸),0
9307,上月增加載重噸 (噸),6081431
9308,上月增加載重噸 (噸),6088979
9309,上月增加載重噸 (噸),0
9310,上月增加載重噸 (噸),0
9311,上月增加載重噸 (噸),0
9312,上月增加載重噸 (噸),0
9401,上月增加載重噸 (噸),6013197
9402,上月增加載重噸 (噸),6021961
9403,上月增加載重噸 (噸),6021993
9404,上月增加載重噸 (噸),0
9405,上月增加載重噸 (噸),0
9406,上月增加載重噸 (噸),0
9407,上月增加載重噸 (噸),0
9408,上月增加載重噸 (噸),0
9409,上月增加載重噸 (噸),5694079
9410,上月增加載重噸 (噸),0
9411,上月增加載重噸 (噸),0
9412,上月增加載重噸 (噸),0
9501,上月增加載重噸 (噸),0
9502,上月增加載重噸 (噸),0
9503,上月增加載重噸 (噸),0
9504,上月增加載重噸 (噸),0
9505,上月增加載重噸 (噸),5324031
9506,上月增加載重噸 (噸),0
9507,上月增加載重噸 (噸),0
9508,上月增加載重噸 (噸),0
9509,上月增加載重噸 (噸),0
9510,上月增加載重噸 (噸),5060833
9511,上月增加載重噸 (噸),0
9512,上月增加載重噸 (噸),0
9601,上月增加載重噸 (噸),0
9602,上月增加載重噸 (噸),0
9603,上月增加載重噸 (噸),4720431
9604,上月增加載重噸 (噸),4753931
9605,上月增加載重噸 (噸),0
9606,上月增加載重噸 (噸),0
9607,上月增加載重噸 (噸),0
9608,上月增加載重噸 (噸),4664273
9609,上月增加載重噸 (噸),0
9610,上月增加載重噸 (噸),4594746
9611,上月增加載重噸 (噸),0
9612,上月增加載重噸 (噸),4671161
9701,上月增加載重噸 (噸),0
9702,上月增加載重噸 (噸),0
9703,上月增加載重噸 (噸),4663047
9704,上月增加載重噸 (噸),0
9705,上月增加載重噸 (噸),4719703
9706,上月增加載重噸 (噸),4721020
9707,上月增加載重噸 (噸),0
9708,上月增加載重噸 (噸),0
9709,上月增加載重噸 (噸),0
9710,上月增加載重噸 (噸),0
9711,上月增加載重噸 (噸),4706608
9712,上月增加載重噸 (噸),0
9801,上月增加載重噸 (噸),0
9802,上月增加載重噸 (噸),4606554
9803,上月增加載重噸 (噸),0
9804,上月增加載重噸 (噸),0
9805,上月增加載重噸 (噸),4581004
9806,上月增加載重噸 (噸),0
9807,上月增加載重噸 (噸),0
9808,上月增加載重噸 (噸),4589907
9809,上月增加載重噸 (噸),0
9810,上月增加載重噸 (噸),0
9811,上月增加載重噸 (噸),4245523
9812,上月增加載重噸 (噸),0
9901,上月增加載重噸 (噸),4236347
9902,上月增加載重噸 (噸),0
9903,上月增加載重噸 (噸),0
9904,上月增加載重噸 (噸),4196783
9905,上月增加載重噸 (噸),0
9906,上月增加載重噸 (噸),4018669
9907,上月增加載重噸 (噸),4026345
9908,上月增加載重噸 (噸),0
9909,上月增加載重噸 (噸),4286873
9910,上月增加載重噸 (噸),4307513
9911,上月增加載重噸 (噸),4318810
9912,上月增加載重噸 (噸),4399446
10001,上月增加載重噸 (噸),0
10002,上月增加載重噸 (噸),0
10003,上月增加載重噸 (噸),4345244
10004,上月增加載重噸 (噸),4345286
10005,上月增加載重噸 (噸),4494601
10006,上月增加載重噸 (噸),4513178
10007,上月增加載重噸 (噸),4647473
10008,上月增加載重噸 (噸),4655972
10009,上月增加載重噸 (噸),0
10010,上月增加載重噸 (噸),4608272
10011,上月增加載重噸 (噸),4611653
10012,上月增加載重噸 (噸),0
10101,上月增加載重噸 (噸),0
10102,上月增加載重噸 (噸),0
10103,上月增加載重噸 (噸),0
10104,上月增加載重噸 (噸),4734689
10105,上月增加載重噸 (噸),0
10106,上月增加載重噸 (噸),4618880
10107,上月增加載重噸 (噸),0
10108,上月增加載重噸 (噸),4713540
10109,上月增加載重噸 (噸),0
10110,上月增加載重噸 (噸),4811623
10111,上月增加載重噸 (噸),4935822
10112,上月增加載重噸 (噸),0
10201,上月增加載重噸 (噸),0
10202,上月增加載重噸 (噸),4772483
10203,上月增加載重噸 (噸),0
10204,上月增加載重噸 (噸),4779215
10205,上月增加載重噸 (噸),4812228
10206,上月增加載重噸 (噸),5020296
10207,上月增加載重噸 (噸),0
10208,上月增加載重噸 (噸),0
10209,上月增加載重噸 (噸),0
10210,上月增加載重噸 (噸),5054588
10211,上月增加載重噸 (噸),0
10212,上月增加載重噸 (噸),5091973
10301,上月增加載重噸 (噸),0
10302,上月增加載重噸 (噸),5086333
10303,上月增加載重噸 (噸),0
10304,上月增加載重噸 (噸),5387779
10305,上月增加載重噸 (噸),5387992
10306,上月增加載重噸 (噸),0
10307,上月增加載重噸 (噸),5442097
10308,上月增加載重噸 (噸),0
10309,上月增加載重噸 (噸),0
10310,上月增加載重噸 (噸),0
10311,上月增加載重噸 (噸),5481166
10312,上月增加載重噸 (噸),5483349
10401,上月增加載重噸 (噸),5609747
10402,上月增加載重噸 (噸),0
10403,上月增加載重噸 (噸),5620365
10404,上月增加載重噸 (噸),5724731
10405,上月增加載重噸 (噸),0
10406,上月增加載重噸 (噸),5672498
10407,上月增加載重噸 (噸),5682770
10408,上月增加載重噸 (噸),0
10409,上月增加載重噸 (噸),5675100
10410,上月增加載重噸 (噸),0
10411,上月增加載重噸 (噸),5678332
10412,上月增加載重噸 (噸),5680038
10501,上月增加載重噸 (噸),0
10502,上月增加載重噸 (噸),0
10503,上月增加載重噸 (噸),5695299
10504,上月增加載重噸 (噸),0
10505,上月增加載重噸 (噸),0
10506,上月增加載重噸 (噸),0
10507,上月增加載重噸 (噸),0
10508,上月增加載重噸 (噸),5060936
10509,上月增加載重噸 (噸),0
10510,上月增加載重噸 (噸),0
10511,上月增加載重噸 (噸),0
10512,上月增加載重噸 (噸),0
10601,上月增加載重噸 (噸),5004336
10602,上月增加載重噸 (噸),5052887
10603,上月增加載重噸 (噸),5071468
10604,上月增加載重噸 (噸),5102736
10605,上月增加載重噸 (噸),0
10606,上月增加載重噸 (噸),0
10607,上月增加載重噸 (噸),0
10608,上月增加載重噸 (噸),0
10609,上月增加載重噸 (噸),0
10610,上月增加載重噸 (噸),5103839
10611,上月增加載重噸 (噸),5120041
10612,上月增加載重噸 (噸),0
10701,上月增加載重噸 (噸),0
10702,上月增加載重噸 (噸),5116751
10703,上月增加載重噸 (噸),5559801
10704,上月增加載重噸 (噸),6010447
10705,上月增加載重噸 (噸),6017380
10706,上月增加載重噸 (噸),0
10707,上月增加載重噸 (噸),6116207
10708,上月增加載重噸 (噸),0
10709,上月增加載重噸 (噸),0
10710,上月增加載重噸 (噸),6147953
10711,上月增加載重噸 (噸),0
10712,上月增加載重噸 (噸),0
10801,上月增加載重噸 (噸),6181852
10802,上月增加載重噸 (噸),0
10803,上月增加載重噸 (噸),6143379
10804,上月增加載重噸 (噸),0
10805,上月增加載重噸 (噸),6410107
10806,上月增加載重噸 (噸),6471337
10807,上月增加載重噸 (噸),6680292
10808,上月增加載重噸 (噸),0
10809,上月增加載重噸 (噸),6714599
10810,上月增加載重噸 (噸),7136875
10811,上月增加載重噸 (噸),0
10812,上月增加載重噸 (噸),0
10901,上月增加載重噸 (噸),7321837
10902,上月增加載重噸 (噸),0
10903,上月增加載重噸 (噸),7542124
10904,上月增加載重噸 (噸),7754793
10905,上月增加載重噸 (噸),7999119
10906,上月增加載重噸 (噸),0
10907,上月增加載重噸 (噸),7849019
10908,上月增加載重噸 (噸),0
10909,上月增加載重噸 (噸),0
10910,上月增加載重噸 (噸),0
10911,上月增加載重噸 (噸),0
10912,上月增加載重噸 (噸),0
11001,上月增加載重噸 (噸),0
11002,上月增加載重噸 (噸),7484881
11003,上月增加載重噸 (噸),0
11004,上月增加載重噸 (噸),0
11005,上月增加載重噸 (噸),0
11006,上月增加載重噸 (噸),0
11007,上月增加載重噸 (噸),0
9001,上月增加總噸位 (噸),5386692
9002,上月增加總噸位 (噸),0
9003,上月增加總噸位 (噸),0
9004,上月增加總噸位 (噸),5155654
9005,上月增加總噸位 (噸),0
9006,上月增加總噸位 (噸),5025966
9007,上月增加總噸位 (噸),5035370
9008,上月增加總噸位 (噸),0
9009,上月增加總噸位 (噸),4979559
9010,上月增加總噸位 (噸),0
9011,上月增加總噸位 (噸),0
9012,上月增加總噸位 (噸),0
9101,上月增加總噸位 (噸),0
9102,上月增加總噸位 (噸),0
9103,上月增加總噸位 (噸),0
9104,上月增加總噸位 (噸),4709574
9105,上月增加總噸位 (噸),0
9106,上月增加總噸位 (噸),0
9107,上月增加總噸位 (噸),0
9108,上月增加總噸位 (噸),4683877
9109,上月增加總噸位 (噸),0
9110,上月增加總噸位 (噸),0
9111,上月增加總噸位 (噸),0
9112,上月增加總噸位 (噸),0
9201,上月增加總噸位 (噸),0
9202,上月增加總噸位 (噸),0
9203,上月增加總噸位 (噸),0
9204,上月增加總噸位 (噸),0
9205,上月增加總噸位 (噸),0
9206,上月增加總噸位 (噸),0
9207,上月增加總噸位 (噸),3813196
9208,上月增加總噸位 (噸),3843559
9209,上月增加總噸位 (噸),3843674
9210,上月增加總噸位 (噸),0
9211,上月增加總噸位 (噸),0
9212,上月增加總噸位 (噸),0
9301,上月增加總噸位 (噸),0
9302,上月增加總噸位 (噸),0
9303,上月增加總噸位 (噸),3637703
9304,上月增加總噸位 (噸),0
9305,上月增加總噸位 (噸),3770718
9306,上月增加總噸位 (噸),0
9307,上月增加總噸位 (噸),3772066
9308,上月增加總噸位 (噸),0
9309,上月增加總噸位 (噸),0
9310,上月增加總噸位 (噸),0
9311,上月增加總噸位 (噸),0
9312,上月增加總噸位 (噸),0
9401,上月增加總噸位 (噸),3712858
9402,上月增加總噸位 (噸),3719377
9403,上月增加總噸位 (噸),3719800
9404,上月增加總噸位 (噸),0
9405,上月增加總噸位 (噸),0
9406,上月增加總噸位 (噸),0
9407,上月增加總噸位 (噸),0
9408,上月增加總噸位 (噸),0
9409,上月增加總噸位 (噸),3483040
9410,上月增加總噸位 (噸),0
9411,上月增加總噸位 (噸),0
9412,上月增加總噸位 (噸),0
9501,上月增加總噸位 (噸),0
9502,上月增加總噸位 (噸),0
9503,上月增加總噸位 (噸),0
9504,上月增加總噸位 (噸),0
9505,上月增加總噸位 (噸),0
9506,上月增加總噸位 (噸),0
9507,上月增加總噸位 (噸),0
9508,上月增加總噸位 (噸),0
9509,上月增加總噸位 (噸),0
9510,上月增加總噸位 (噸),3064001
9511,上月增加總噸位 (噸),0
9512,上月增加總噸位 (噸),0
9601,上月增加總噸位 (噸),0
9602,上月增加總噸位 (噸),0
9603,上月增加總噸位 (噸),2872276
9604,上月增加總噸位 (噸),2899707
9605,上月增加總噸位 (噸),0
9606,上月增加總噸位 (噸),0
9607,上月增加總噸位 (噸),0
9608,上月增加總噸位 (噸),2830870
9609,上月增加總噸位 (噸),0
9610,上月增加總噸位 (噸),2791728
9611,上月增加總噸位 (噸),0
9612,上月增加總噸位 (噸),2852395
9701,上月增加總噸位 (噸),0
9702,上月增加總噸位 (噸),0
9703,上月增加總噸位 (噸),2846609
9704,上月增加總噸位 (噸),0
9705,上月增加總噸位 (噸),2871942
9706,上月增加總噸位 (噸),2873392
9707,上月增加總噸位 (噸),0
9708,上月增加總噸位 (噸),0
9709,上月增加總噸位 (噸),0
9710,上月增加總噸位 (噸),0
9711,上月增加總噸位 (噸),2866586
9712,上月增加總噸位 (噸),0
9801,上月增加總噸位 (噸),0
9802,上月增加總噸位 (噸),2772957
9803,上月增加總噸位 (噸),0
9804,上月增加總噸位 (噸),0
9805,上月增加總噸位 (噸),2757670
9806,上月增加總噸位 (噸),0
9807,上月增加總噸位 (噸),0
9808,上月增加總噸位 (噸),2847757
9809,上月增加總噸位 (噸),0
9810,上月增加總噸位 (噸),0
9811,上月增加總噸位 (噸),2708752
9812,上月增加總噸位 (噸),0
9901,上月增加總噸位 (噸),2704308
9902,上月增加總噸位 (噸),0
9903,上月增加總噸位 (噸),0
9904,上月增加總噸位 (噸),2680564
9905,上月增加總噸位 (噸),0
9906,上月增加總噸位 (噸),2582407
9907,上月增加總噸位 (噸),2587182
9908,上月增加總噸位 (噸),0
9909,上月增加總噸位 (噸),2725275
9910,上月增加總噸位 (噸),2740759
9911,上月增加總噸位 (噸),2746488
9912,上月增加總噸位 (噸),2789195
10001,上月增加總噸位 (噸),0
10002,上月增加總噸位 (噸),0
10003,上月增加總噸位 (噸),2756234
10004,上月增加總噸位 (噸),2756430
10005,上月增加總噸位 (噸),2843814
10006,上月增加總噸位 (噸),2858906
10007,上月增加總噸位 (噸),2937551
10008,上月增加總噸位 (噸),2942563
10009,上月增加總噸位 (噸),0
10010,上月增加總噸位 (噸),2913552
10011,上月增加總噸位 (噸),2916030
10012,上月增加總噸位 (噸),0
10101,上月增加總噸位 (噸),0
10102,上月增加總噸位 (噸),0
10103,上月增加總噸位 (噸),0
10104,上月增加總噸位 (噸),2958327
10105,上月增加總噸位 (噸),0
10106,上月增加總噸位 (噸),2879827
10107,上月增加總噸位 (噸),0
10108,上月增加總噸位 (噸),2963177
10109,上月增加總噸位 (噸),0
10110,上月增加總噸位 (噸),3050710
10111,上月增加總噸位 (噸),3165795
10112,上月增加總噸位 (噸),0
10201,上月增加總噸位 (噸),0
10202,上月增加總噸位 (噸),3130050
10203,上月增加總噸位 (噸),0
10204,上月增加總噸位 (噸),3135993
10205,上月增加總噸位 (噸),3190412
10206,上月增加總噸位 (噸),3387580
10207,上月增加總噸位 (噸),0
10208,上月增加總噸位 (噸),0
10209,上月增加總噸位 (噸),0
10210,上月增加總噸位 (噸),3364789
10211,上月增加總噸位 (噸),0
10212,上月增加總噸位 (噸),3375380
10301,上月增加總噸位 (噸),0
10302,上月增加總噸位 (噸),3371172
10303,上月增加總噸位 (噸),0
10304,上月增加總噸位 (噸),3586743
10305,上月增加總噸位 (噸),3586917
10306,上月增加總噸位 (噸),0
10307,上月增加總噸位 (噸),3633623
10308,上月增加總噸位 (噸),0
10309,上月增加總噸位 (噸),0
10310,上月增加總噸位 (噸),0
10311,上月增加總噸位 (噸),3633859
10312,上月增加總噸位 (噸),3636421
10401,上月增加總噸位 (噸),3752854
10402,上月增加總噸位 (噸),0
10403,上月增加總噸位 (噸),3759204
10404,上月增加總噸位 (噸),3859149
10405,上月增加總噸位 (噸),0
10406,上月增加總噸位 (噸),3822478
10407,上月增加總噸位 (噸),3833903
10408,上月增加總噸位 (噸),0
10409,上月增加總噸位 (噸),3829515
10410,上月增加總噸位 (噸),0
10411,上月增加總噸位 (噸),3846744
10412,上月增加總噸位 (噸),3848224
10501,上月增加總噸位 (噸),0
10502,上月增加總噸位 (噸),0
10503,上月增加總噸位 (噸),3861724
10504,上月增加總噸位 (噸),0
10505,上月增加總噸位 (噸),0
10506,上月增加總噸位 (噸),0
10507,上月增加總噸位 (噸),0
10508,上月增加總噸位 (噸),3521977
10509,上月增加總噸位 (噸),0
10510,上月增加總噸位 (噸),0
10511,上月增加總噸位 (噸),3478198
10512,上月增加總噸位 (噸),0
10601,上月增加總噸位 (噸),3493001
10602,上月增加總噸位 (噸),3525069
10603,上月增加總噸位 (噸),3540162
10604,上月增加總噸位 (噸),3559120
10605,上月增加總噸位 (噸),0
10606,上月增加總噸位 (噸),0
10607,上月增加總噸位 (噸),0
10608,上月增加總噸位 (噸),0
10609,上月增加總噸位 (噸),0
10610,上月增加總噸位 (噸),3563738
10611,上月增加總噸位 (噸),3578436
10612,上月增加總噸位 (噸),0
10701,上月增加總噸位 (噸),0
10702,上月增加總噸位 (噸),3576493
10703,上月增加總噸位 (噸),3822503
10704,上月增加總噸位 (噸),4061630
10705,上月增加總噸位 (噸),4067036
10706,上月增加總噸位 (噸),4094680
10707,上月增加總噸位 (噸),4156240
10708,上月增加總噸位 (噸),0
10709,上月增加總噸位 (噸),0
10710,上月增加總噸位 (噸),4185679
10711,上月增加總噸位 (噸),0
10712,上月增加總噸位 (噸),0
10801,上月增加總噸位 (噸),4213523
10802,上月增加總噸位 (噸),0
10803,上月增加總噸位 (噸),4186945
10804,上月增加總噸位 (噸),0
10805,上月增加總噸位 (噸),4335454
10806,上月增加總噸位 (噸),4381029
10807,上月增加總噸位 (噸),4486992
10808,上月增加總噸位 (噸),0
10809,上月增加總噸位 (噸),4525774
10810,上月增加總噸位 (噸),4740284
10811,上月增加總噸位 (噸),0
10812,上月增加總噸位 (噸),0
10901,上月增加總噸位 (噸),4831941
10902,上月增加總噸位 (噸),0
10903,上月增加總噸位 (噸),5049751
10904,上月增加總噸位 (噸),5052388
10905,上月增加總噸位 (噸),5179502
10906,上月增加總噸位 (噸),0
10907,上月增加總噸位 (噸),5104829
10908,上月增加總噸位 (噸),0
10909,上月增加總噸位 (噸),0
10910,上月增加總噸位 (噸),0
10911,上月增加總噸位 (噸),0
10912,上月增加總噸位 (噸),0
11001,上月增加總噸位 (噸),0
11002,上月增加總噸位 (噸),4905333
11003,上月增加總噸位 (噸),0
11004,上月增加總噸位 (噸),0
11005,上月增加總噸位 (噸),0
11006,上月增加總噸位 (噸),0
11007,上月增加總噸位 (噸),0
9001,上月增加艘數 (艘),4
9002,上月增加艘數 (艘),0
9003,上月增加艘數 (艘),0
9004,上月增加艘數 (艘),2
9005,上月增加艘數 (艘),0
9006,上月增加艘數 (艘),2
9007,上月增加艘數 (艘),0
9008,上月增加艘數 (艘),0
9009,上月增加艘數 (艘),2
9010,上月增加艘數 (艘),0
9011,上月增加艘數 (艘),0
9012,上月增加艘數 (艘),0
9101,上月增加艘數 (艘),1
9102,上月增加艘數 (艘),0
9103,上月增加艘數 (艘),0
9104,上月增加艘數 (艘),0
9105,上月增加艘數 (艘),2
9106,上月增加艘數 (艘),0
9107,上月增加艘數 (艘),0
9108,上月增加艘數 (艘),2
9109,上月增加艘數 (艘),0
9110,上月增加艘數 (艘),0
9111,上月增加艘數 (艘),1
9112,上月增加艘數 (艘),0
9201,上月增加艘數 (艘),3
9202,上月增加艘數 (艘),0
9203,上月增加艘數 (艘),0
9204,上月增加艘數 (艘),0
9205,上月增加艘數 (艘),0
9206,上月增加艘數 (艘),0
9207,上月增加艘數 (艘),1
9208,上月增加艘數 (艘),2
9209,上月增加艘數 (艘),1
9210,上月增加艘數 (艘),2
9211,上月增加艘數 (艘),0
9212,上月增加艘數 (艘),0
9301,上月增加艘數 (艘),0
9302,上月增加艘數 (艘),0
9303,上月增加艘數 (艘),1
9304,上月增加艘數 (艘),0
9305,上月增加艘數 (艘),7
9306,上月增加艘數 (艘),0
9307,上月增加艘數 (艘),1
9308,上月增加艘數 (艘),0
9309,上月增加艘數 (艘),0
9310,上月增加艘數 (艘),0
9311,上月增加艘數 (艘),1
9312,上月增加艘數 (艘),0
9401,上月增加艘數 (艘),1
9402,上月增加艘數 (艘),2
9403,上月增加艘數 (艘),1
9404,上月增加艘數 (艘),1
9405,上月增加艘數 (艘),0
9406,上月增加艘數 (艘),0
9407,上月增加艘數 (艘),0
9408,上月增加艘數 (艘),0
9409,上月增加艘數 (艘),1
9410,上月增加艘數 (艘),0
9411,上月增加艘數 (艘),0
9412,上月增加艘數 (艘),0
9501,上月增加艘數 (艘),0
9502,上月增加艘數 (艘),0
9503,上月增加艘數 (艘),0
9504,上月增加艘數 (艘),0
9505,上月增加艘數 (艘),1
9506,上月增加艘數 (艘),0
9507,上月增加艘數 (艘),0
9508,上月增加艘數 (艘),0
9509,上月增加艘數 (艘),0
9510,上月增加艘數 (艘),1
9511,上月增加艘數 (艘),0
9512,上月增加艘數 (艘),0
9601,上月增加艘數 (艘),0
9602,上月增加艘數 (艘),0
9603,上月增加艘數 (艘),1
9604,上月增加艘數 (艘),1
9605,上月增加艘數 (艘),1
9606,上月增加艘數 (艘),0
9607,上月增加艘數 (艘),0
9608,上月增加艘數 (艘),1
9609,上月增加艘數 (艘),0
9610,上月增加艘數 (艘),1
9611,上月增加艘數 (艘),0
9612,上月增加艘數 (艘),4
9701,上月增加艘數 (艘),0
9702,上月增加艘數 (艘),0
9703,上月增加艘數 (艘),1
9704,上月增加艘數 (艘),0
9705,上月增加艘數 (艘),1
9706,上月增加艘數 (艘),1
9707,上月增加艘數 (艘),0
9708,上月增加艘數 (艘),0
9709,上月增加艘數 (艘),0
9710,上月增加艘數 (艘),0
9711,上月增加艘數 (艘),1
9712,上月增加艘數 (艘),0
9801,上月增加艘數 (艘),0
9802,上月增加艘數 (艘),1
9803,上月增加艘數 (艘),0
9804,上月增加艘數 (艘),0
9805,上月增加艘數 (艘),2
9806,上月增加艘數 (艘),0
9807,上月增加艘數 (艘),0
9808,上月增加艘數 (艘),5
9809,上月增加艘數 (艘),0
9810,上月增加艘數 (艘),1
9811,上月增加艘數 (艘),3
9812,上月增加艘數 (艘),0
9901,上月增加艘數 (艘),2
9902,上月增加艘數 (艘),0
9903,上月增加艘數 (艘),0
9904,上月增加艘數 (艘),1
9905,上月增加艘數 (艘),1
9906,上月增加艘數 (艘),1
9907,上月增加艘數 (艘),2
9908,上月增加艘數 (艘),0
9909,上月增加艘數 (艘),3
9910,上月增加艘數 (艘),1
9911,上月增加艘數 (艘),2
9912,上月增加艘數 (艘),1
10001,上月增加艘數 (艘),0
10002,上月增加艘數 (艘),0
10003,上月增加艘數 (艘),2
10004,上月增加艘數 (艘),1
10005,上月增加艘數 (艘),3
10006,上月增加艘數 (艘),1
10007,上月增加艘數 (艘),2
10008,上月增加艘數 (艘),1
10009,上月增加艘數 (艘),0
10010,上月增加艘數 (艘),1
10011,上月增加艘數 (艘),1
10012,上月增加艘數 (艘),0
10101,上月增加艘數 (艘),0
10102,上月增加艘數 (艘),0
10103,上月增加艘數 (艘),0
10104,上月增加艘數 (艘),1
10105,上月增加艘數 (艘),0
10106,上月增加艘數 (艘),0
10107,上月增加艘數 (艘),0
10108,上月增加艘數 (艘),1
10109,上月增加艘數 (艘),0
10110,上月增加艘數 (艘),0
10111,上月增加艘數 (艘),2
10112,上月增加艘數 (艘),1
10201,上月增加艘數 (艘),2
10202,上月增加艘數 (艘),3
10203,上月增加艘數 (艘),0
10204,上月增加艘數 (艘),3
10205,上月增加艘數 (艘),0
10206,上月增加艘數 (艘),1
10207,上月增加艘數 (艘),0
10208,上月增加艘數 (艘),0
10209,上月增加艘數 (艘),0
10210,上月增加艘數 (艘),0
10211,上月增加艘數 (艘),0
10212,上月增加艘數 (艘),3
10301,上月增加艘數 (艘),0
10302,上月增加艘數 (艘),2
10303,上月增加艘數 (艘),0
10304,上月增加艘數 (艘),3
10305,上月增加艘數 (艘),1
10306,上月增加艘數 (艘),0
10307,上月增加艘數 (艘),3
10308,上月增加艘數 (艘),0
10309,上月增加艘數 (艘),0
10310,上月增加艘數 (艘),0
10311,上月增加艘數 (艘),1
10312,上月增加艘數 (艘),1
10401,上月增加艘數 (艘),2
10402,上月增加艘數 (艘),0
10403,上月增加艘數 (艘),1
10404,上月增加艘數 (艘),1
10405,上月增加艘數 (艘),0
10406,上月增加艘數 (艘),2
10407,上月增加艘數 (艘),3
10408,上月增加艘數 (艘),0
10409,上月增加艘數 (艘),2
10410,上月增加艘數 (艘),0
10411,上月增加艘數 (艘),1
10412,上月增加艘數 (艘),1
10501,上月增加艘數 (艘),0
10502,上月增加艘數 (艘),0
10503,上月增加艘數 (艘),1
10504,上月增加艘數 (艘),1
10505,上月增加艘數 (艘),0
10506,上月增加艘數 (艘),0
10507,上月增加艘數 (艘),0
10508,上月增加艘數 (艘),2
10509,上月增加艘數 (艘),0
10510,上月增加艘數 (艘),0
10511,上月增加艘數 (艘),0
10512,上月增加艘數 (艘),0
10601,上月增加艘數 (艘),2
10602,上月增加艘數 (艘),2
10603,上月增加艘數 (艘),1
10604,上月增加艘數 (艘),2
10605,上月增加艘數 (艘),0
10606,上月增加艘數 (艘),0
10607,上月增加艘數 (艘),0
10608,上月增加艘數 (艘),0
10609,上月增加艘數 (艘),0
10610,上月增加艘數 (艘),1
10611,上月增加艘數 (艘),0
10612,上月增加艘數 (艘),0
10701,上月增加艘數 (艘),0
10702,上月增加艘數 (艘),1
10703,上月增加艘數 (艘),3
10704,上月增加艘數 (艘),0
10705,上月增加艘數 (艘),1
10706,上月增加艘數 (艘),0
10707,上月增加艘數 (艘),1
10708,上月增加艘數 (艘),0
10709,上月增加艘數 (艘),0
10710,上月增加艘數 (艘),0
10711,上月增加艘數 (艘),0
10712,上月增加艘數 (艘),0
10801,上月增加艘數 (艘),2
10802,上月增加艘數 (艘),0
10803,上月增加艘數 (艘),1
10804,上月增加艘數 (艘),0
10805,上月增加艘數 (艘),2
10806,上月增加艘數 (艘),1
10807,上月增加艘數 (艘),1
10808,上月增加艘數 (艘),0
10809,上月增加艘數 (艘),2
10810,上月增加艘數 (艘),2
10811,上月增加艘數 (艘),0
10812,上月增加艘數 (艘),0
10901,上月增加艘數 (艘),2
10902,上月增加艘數 (艘),0
10903,上月增加艘數 (艘),3
10904,上月增加艘數 (艘),0
10905,上月增加艘數 (艘),0
10906,上月增加艘數 (艘),0
10907,上月增加艘數 (艘),0
10908,上月增加艘數 (艘),0
10909,上月增加艘數 (艘),0
10910,上月增加艘數 (艘),0
10911,上月增加艘數 (艘),0
10912,上月增加艘數 (艘),0
11001,上月增加艘數 (艘),0
11002,上月增加艘數 (艘),1
11003,上月增加艘數 (艘),1
11004,上月增加艘數 (艘),0
11005,上月增加艘數 (艘),0
11006,上月增加艘數 (艘),0
11007,上月增加艘數 (艘),0
9001,上月載重噸 (噸),8390933
9002,上月載重噸 (噸),8479818
9003,上月載重噸 (噸),8180791
9004,上月載重噸 (噸),7897623
9005,上月載重噸 (噸),7953765
9006,上月載重噸 (噸),7796764
9007,上月載重噸 (噸),7816838
9008,上月載重噸 (噸),7818616
9009,上月載重噸 (噸),7744798
9010,上月載重噸 (噸),7762862
9011,上月載重噸 (噸),7649014
9012,上月載重噸 (噸),7577343
9101,上月載重噸 (噸),7470795
9102,上月載重噸 (噸),7438829
9103,上月載重噸 (噸),7428885
9104,上月載重噸 (噸),7291913
9105,上月載重噸 (噸),7464465
9106,上月載重噸 (噸),7427977
9107,上月載重噸 (噸),7427977
9108,上月載重噸 (噸),7421931
9109,上月載重噸 (噸),7426906
9110,上月載重噸 (噸),7192618
9111,上月載重噸 (噸),6949611
9112,上月載重噸 (噸),6882958
9201,上月載重噸 (噸),6789449
9202,上月載重噸 (噸),6815395
9203,上月載重噸 (噸),6811782
9204,上月載重噸 (噸),6704183
9205,上月載重噸 (噸),6650981
9206,上月載重噸 (噸),6438897
9207,上月載重噸 (噸),6222682
9208,上月載重噸 (噸),6237549
9209,上月載重噸 (噸),6276583
9210,上月載重噸 (噸),6276608
9211,上月載重噸 (噸),6254781
9212,上月載重噸 (噸),6186027
9301,上月載重噸 (噸),6092623
9302,上月載重噸 (噸),5979775
9303,上月載重噸 (噸),5933780
9304,上月載重噸 (噸),5934082
9305,上月載重噸 (噸),5865467
9306,上月載重噸 (噸),6079427
9307,上月載重噸 (噸),6079427
9308,上月載重噸 (噸),6081704
9309,上月載重噸 (噸),6089253
9310,上月載重噸 (噸),6088021
9311,上月載重噸 (噸),6064345
9312,上月載重噸 (噸),6058079
9401,上月載重噸 (噸),6000465
9402,上月載重噸 (噸),6013469
9403,上月載重噸 (噸),6022234
9404,上月載重噸 (噸),6022268
9405,上月載重噸 (噸),6003203
9406,上月載重噸 (噸),6002597
9407,上月載重噸 (噸),5853064
9408,上月載重噸 (噸),5709562
9409,上月載重噸 (噸),5694328
9410,上月載重噸 (噸),5694351
9411,上月載重噸 (噸),5694324
9412,上月載重噸 (噸),5544847
9501,上月載重噸 (噸),5485793
9502,上月載重噸 (噸),5479044
9503,上月載重噸 (噸),5461338
9504,上月載重噸 (噸),5363954
9505,上月載重噸 (噸),5322256
9506,上月載重噸 (噸),5324296
9507,上月載重噸 (噸),5264520
9508,上月載重噸 (噸),5110960
9509,上月載重噸 (噸),5110936
9510,上月載重噸 (噸),5039258
9511,上月載重噸 (噸),5061093
9512,上月載重噸 (噸),5017423
9601,上月載重噸 (噸),4963239
9602,上月載重噸 (噸),4735527
9603,上月載重噸 (噸),4713500
9604,上月載重噸 (噸),4720687
9605,上月載重噸 (噸),4754188
9606,上月載重噸 (噸),4739224
9607,上月載重噸 (噸),4664517
9608,上月載重噸 (噸),4664517
9609,上月載重噸 (噸),4664530
9610,上月載重噸 (噸),4586254
9611,上月載重噸 (噸),4595001
9612,上月載重噸 (噸),4595001
9701,上月載重噸 (噸),4671417
9702,上月載重噸 (噸),4671417
9703,上月載重噸 (噸),4662695
9704,上月載重噸 (噸),4663307
9705,上月載重噸 (噸),4650654
9706,上月載重噸 (噸),4719964
9707,上月載重噸 (噸),4721282
9708,上月載重噸 (噸),4721282
9709,上月載重噸 (噸),4721282
9710,上月載重噸 (噸),4715189
9711,上月載重噸 (噸),4706594
9712,上月載重噸 (噸),4706869
9801,上月載重噸 (噸),4706869
9802,上月載重噸 (噸),4604015
9803,上月載重噸 (噸),4606813
9804,上月載重噸 (噸),4606813
9805,上月載重噸 (噸),4564197
9806,上月載重噸 (噸),4581262
9807,上月載重噸 (噸),4581262
9808,上月載重噸 (噸),4367032
9809,上月載重噸 (噸),4590165
9810,上月載重噸 (噸),4238951
9811,上月載重噸 (噸),4105429
9812,上月載重噸 (噸),4245784
9901,上月載重噸 (噸),4234734
9902,上月載重噸 (噸),4236610
9903,上月載重噸 (噸),4195665
9904,上月載重噸 (噸),4195665
9905,上月載重噸 (噸),4197048
9906,上月載重噸 (噸),3994407
9907,上月載重噸 (噸),4018936
9908,上月載重噸 (噸),4026613
9909,上月載重噸 (噸),4010393
9910,上月載重噸 (噸),4287142
9911,上月載重噸 (噸),4307785
9912,上月載重噸 (噸),4319083
10001,上月載重噸 (噸),4399721
10002,上月載重噸 (噸),4246874
10003,上月載重噸 (噸),4211222
10004,上月載重噸 (噸),4345518
10005,上月載重噸 (噸),4345562
10006,上月載重噸 (噸),4494878
10007,上月載重噸 (噸),4513458
10008,上月載重噸 (噸),4647754
10009,上月載重噸 (噸),4656255
10010,上月載重噸 (噸),4504289
10011,上月載重噸 (噸),4608556
10012,上月載重噸 (噸),4611938
10101,上月載重噸 (噸),4584421
10102,上月載重噸 (噸),4528342
10103,上月載重噸 (噸),4528342
10104,上月載重噸 (噸),4528342
10105,上月載重噸 (噸),4734971
10106,上月載重噸 (噸),4567536
10107,上月載重噸 (噸),4619162
10108,上月載重噸 (噸),4610585
10109,上月載重噸 (噸),4713820
10110,上月載重噸 (噸),4713820
10111,上月載重噸 (噸),4811904
10112,上月載重噸 (噸),4936103
10201,上月載重噸 (噸),4778100
10202,上月載重噸 (噸),4725083
10203,上月載重噸 (噸),4772769
10204,上月載重噸 (噸),4772769
10205,上月載重噸 (噸),4779504
10206,上月載重噸 (噸),4812520
10207,上月載重噸 (噸),5020588
10208,上月載重噸 (噸),4948917
10209,上月載重噸 (噸),4948917
10210,上月載重噸 (噸),4925188
10211,上月載重噸 (噸),5054879
10212,上月載重噸 (噸),5054879
10301,上月載重噸 (噸),5092263
10302,上月載重噸 (噸),4980654
10303,上月載重噸 (噸),5086624
10304,上月載重噸 (噸),5019435
10305,上月載重噸 (噸),5388072
10306,上月載重噸 (噸),5388288
10307,上月載重噸 (噸),5388288
10308,上月載重噸 (噸),5442394
10309,上月載重噸 (噸),5442394
10310,上月載重噸 (噸),5396399
10311,上月載重噸 (噸),5396399
10312,上月載重噸 (噸),5481465
10401,上月載重噸 (噸),5483649
10402,上月載重噸 (噸),5610048
10403,上月載重噸 (噸),5610048
10404,上月載重噸 (噸),5620668
10405,上月載重噸 (噸),5725035
10406,上月載重噸 (噸),5672700
10407,上月載重噸 (噸),5672800
10408,上月載重噸 (噸),5683074
10409,上月載重噸 (噸),5675341
10410,上月載重噸 (噸),5675406
10411,上月載重噸 (噸),5675406
10412,上月載重噸 (噸),5678640
10501,上月載重噸 (噸),5680347
10502,上月載重噸 (噸),5680347
10503,上月載重噸 (噸),5679174
10504,上月載重噸 (噸),5695608
10505,上月載重噸 (噸),5541140
10506,上月載重噸 (噸),5203810
10507,上月載重噸 (噸),5049254
10508,上月載重噸 (噸),5049254
10509,上月載重噸 (噸),5061215
10510,上月載重噸 (噸),5060190
10511,上月載重噸 (噸),4979720
10512,上月載重噸 (噸),4978921
10601,上月載重噸 (噸),4957909
10602,上月載重噸 (噸),5004613
10603,上月載重噸 (噸),5053166
10604,上月載重噸 (噸),5071749
10605,上月載重噸 (噸),5103018
10606,上月載重噸 (噸),5084438
10607,上月載重噸 (噸),5084086
10608,上月載重噸 (噸),5079724
10609,上月載重噸 (噸),5078625
10610,上月載重噸 (噸),5068449
10611,上月載重噸 (噸),5104121
10612,上月載重噸 (噸),5120324
10701,上月載重噸 (噸),5120324
10702,上月載重噸 (噸),5116984
10703,上月載重噸 (噸),5117034
10704,上月載重噸 (噸),5567728
10705,上月載重噸 (噸),6010728
10706,上月載重噸 (噸),6017790
10707,上月載重噸 (噸),6056621
10708,上月載重噸 (噸),6116969
10709,上月載重噸 (噸),6114357
10710,上月載重噸 (噸),6112815
10711,上月載重噸 (噸),6148229
10712,上月載重噸 (噸),6145445
10801,上月載重噸 (噸),6136048
10802,上月載重噸 (噸),6182082
10803,上月載重噸 (噸),6143578
10804,上月載重噸 (噸),6146053
10805,上月載重噸 (噸),6143845
10806,上月載重噸 (噸),6410743
10807,上月載重噸 (噸),6471943
10808,上月載重噸 (噸),6680280
10809,上月載重噸 (噸),6676711
10810,上月載重噸 (噸),6714810
10811,上月載重噸 (噸),7135275
10812,上月載重噸 (噸),7113482
10901,上月載重噸 (噸),7112580
10902,上月載重噸 (噸),7318607
10903,上月載重噸 (噸),7527742
10904,上月載重噸 (噸),7754520
10905,上月載重噸 (噸),7755064
10906,上月載重噸 (噸),7999514
10907,上月載重噸 (噸),7825134
10908,上月載重噸 (噸),7849303
10909,上月載重噸 (噸),7669777
10910,上月載重噸 (噸),7533431
10911,上月載重噸 (噸),7527588
10912,上月載重噸 (噸),7527326
11001,上月載重噸 (噸),7527326
11002,上月載重噸 (噸),7474118
11003,上月載重噸 (噸),7485182
11004,上月載重噸 (噸),7299807
11005,上月載重噸 (噸),7262332
11006,上月載重噸 (噸),7262332
11007,上月載重噸 (噸),7262332
9001,上月總噸位 (噸),5336513
9002,上月總噸位 (噸),5386978
9003,上月總噸位 (噸),5232786
9004,上月總噸位 (噸),5041010
9005,上月總噸位 (噸),5155935
9006,上月總噸位 (噸),5012603
9007,上月總噸位 (噸),5026246
9008,上月總噸位 (噸),5035652
9009,上月總噸位 (噸),4968550
9010,上月總噸位 (噸),4979837
9011,上月總噸位 (噸),4921786
9012,上月總噸位 (噸),4884077
9101,上月總噸位 (噸),4790975
9102,上月總噸位 (噸),4767762
9103,上月總噸位 (噸),4760820
9104,上月總噸位 (噸),4623797
9105,上月總噸位 (噸),4709847
9106,上月總噸位 (噸),4682950
9107,上月總噸位 (噸),4682950
9108,上月總噸位 (噸),4680355
9109,上月總噸位 (噸),4684151
9110,上月總噸位 (噸),4543449
9111,上月總噸位 (噸),4362275
9112,上月總噸位 (噸),4328465
9201,上月總噸位 (噸),4235469
9202,上月總噸位 (噸),4226952
9203,上月總噸位 (噸),4224426
9204,上月總噸位 (噸),4147688
9205,上月總噸位 (噸),4101754
9206,上月總噸位 (噸),3916949
9207,上月總噸位 (噸),3803514
9208,上月總噸位 (噸),3813463
9209,上月總噸位 (噸),3843827
9210,上月總噸位 (噸),3843944
9211,上月總噸位 (噸),3828801
9212,上月總噸位 (噸),3788466
9301,上月總噸位 (噸),3736917
9302,上月總噸位 (噸),3655813
9303,上月總噸位 (噸),3609116
9304,上月總噸位 (噸),3637969
9305,上月總噸位 (噸),3573964
9306,上月總噸位 (噸),3770984
9307,上月總噸位 (噸),3770984
9308,上月總噸位 (噸),3772339
9309,上月總噸位 (噸),3748426
9310,上月總噸位 (噸),3747709
9311,上月總噸位 (噸),3730582
9312,上月總噸位 (噸),3727412
9401,上月總噸位 (噸),3708636
9402,上月總噸位 (噸),3713130
9403,上月總噸位 (噸),3719650
9404,上月總噸位 (噸),3720075
9405,上月總噸位 (噸),3705197
9406,上月總噸位 (噸),3702022
9407,上月總噸位 (噸),3624926
9408,上月總噸位 (噸),3493153
9409,上月總噸位 (噸),3483198
9410,上月總噸位 (噸),3483312
9411,上月總噸位 (噸),3483169
9412,上月總噸位 (噸),3405797
9501,上月總噸位 (噸),3376292
9502,上月總噸位 (噸),3372001
9503,上月總噸位 (噸),3358755
9504,上月總噸位 (噸),3283501
9505,上月總噸位 (噸),3251863
9506,上月總噸位 (噸),3250311
9507,上月總噸位 (噸),3196019
9508,上月總噸位 (噸),3085842
9509,上月總噸位 (噸),3085628
9510,上月總噸位 (噸),3047773
9511,上月總噸位 (噸),3064261
9512,上月總噸位 (噸),3031285
9601,上月總噸位 (噸),3006427
9602,上月總噸位 (噸),2882336
9603,上月總噸位 (噸),2865848
9604,上月總噸位 (噸),2872532
9605,上月總噸位 (噸),2899964
9606,上月總噸位 (噸),2889517
9607,上月總噸位 (噸),2831019
9608,上月總噸位 (噸),2831019
9609,上月總噸位 (噸),2831127
9610,上月總噸位 (噸),2785535
9611,上月總噸位 (噸),2791983
9612,上月總噸位 (噸),2791983
9701,上月總噸位 (噸),2852651
9702,上月總噸位 (噸),2852651
9703,上月總噸位 (噸),2846380
9704,上月總噸位 (噸),2846869
9705,上月總噸位 (噸),2836329
9706,上月總噸位 (噸),2872203
9707,上月總噸位 (噸),2873654
9708,上月總噸位 (噸),2873654
9709,上月總噸位 (噸),2873654
9710,上月總噸位 (噸),2869557
9711,上月總噸位 (噸),2864555
9712,上月總噸位 (噸),2866847
9801,上月總噸位 (噸),2866847
9802,上月總噸位 (噸),2771531
9803,上月總噸位 (噸),2773216
9804,上月總噸位 (噸),2773216
9805,上月總噸位 (噸),2746514
9806,上月總噸位 (噸),2757928
9807,上月總噸位 (噸),2757928
9808,上月總噸位 (噸),2618920
9809,上月總噸位 (噸),2848015
9810,上月總噸位 (噸),2641940
9811,上月總噸位 (噸),2568829
9812,上月總噸位 (噸),2709013
9901,上月總噸位 (噸),2702466
9902,上月總噸位 (噸),2704571
9903,上月總噸位 (噸),2679336
9904,上月總噸位 (噸),2679336
9905,上月總噸位 (噸),2680829
9906,上月總噸位 (噸),2564172
9907,上月總噸位 (噸),2582674
9908,上月總噸位 (噸),2587450
9909,上月總噸位 (噸),2578195
9910,上月總噸位 (噸),2725544
9911,上月總噸位 (噸),2741031
9912,上月總噸位 (噸),2746761
10001,上月總噸位 (噸),2789470
10002,上月總噸位 (噸),2696943
10003,上月總噸位 (噸),2677862
10004,上月總噸位 (噸),2756508
10005,上月總噸位 (噸),2756706
10006,上月總噸位 (噸),2844091
10007,上月總噸位 (噸),2859186
10008,上月總噸位 (噸),2937832
10009,上月總噸位 (噸),2942846
10010,上月總噸位 (噸),2851086
10011,上月總噸位 (噸),2913836
10012,上月總噸位 (噸),2916315
10101,上月總噸位 (噸),2887336
10102,上月總噸位 (噸),2852241
10103,上月總噸位 (噸),2852241
10104,上月總噸位 (噸),2852241
10105,上月總噸位 (噸),2958609
10106,上月總噸位 (噸),2839171
10107,上月總噸位 (噸),2880109
10108,上月總噸位 (噸),2872925
10109,上月總噸位 (噸),2963457
10110,上月總噸位 (噸),2963457
10111,上月總噸位 (噸),3050991
10112,上月總噸位 (噸),3166076
10201,上月總噸位 (噸),3113199
10202,上月總噸位 (噸),3101647
10203,上月總噸位 (噸),3130336
10204,上月總噸位 (噸),3130336
10205,上月總噸位 (噸),3136282
10206,上月總噸位 (噸),3190704
10207,上月總噸位 (噸),3387872
10208,上月總噸位 (噸),3350163
10209,上月總噸位 (噸),3350163
10210,上月總噸位 (噸),3333046
10211,上月總噸位 (噸),3365080
10212,上月總噸位 (噸),3365080
10301,上月總噸位 (噸),3375670
10302,上月總噸位 (噸),3269962
10303,上月總噸位 (噸),3371463
10304,上月總噸位 (噸),3336544
10305,上月總噸位 (噸),3587036
10306,上月總噸位 (噸),3587213
10307,上月總噸位 (噸),3587213
10308,上月總噸位 (噸),3633920
10309,上月總噸位 (噸),3633920
10310,上月總噸位 (噸),3587223
10311,上月總噸位 (噸),3587223
10312,上月總噸位 (噸),3634158
10401,上月總噸位 (噸),3636721
10402,上月總噸位 (噸),3753155
10403,上月總噸位 (噸),3753155
10404,上月總噸位 (噸),3759507
10405,上月總噸位 (噸),3859453
10406,上月總噸位 (噸),3822239
10407,上月總噸位 (噸),3822780
10408,上月總噸位 (噸),3834207
10409,上月總噸位 (噸),3829453
10410,上月總噸位 (噸),3829821
10411,上月總噸位 (噸),3829821
10412,上月總噸位 (噸),3847052
10501,上月總噸位 (噸),3848533
10502,上月總噸位 (噸),3848533
10503,上月總噸位 (噸),3847540
10504,上月總噸位 (噸),3862033
10505,上月總噸位 (噸),3780720
10506,上月總噸位 (噸),3594298
10507,上月總噸位 (噸),3512186
10508,上月總噸位 (噸),3512186
10509,上月總噸位 (噸),3522256
10510,上月總噸位 (噸),3521518
10511,上月總噸位 (噸),3477876
10512,上月總噸位 (噸),3478477
10601,上月總噸位 (噸),3462837
10602,上月總噸位 (噸),3493278
10603,上月總噸位 (噸),3525348
10604,上月總噸位 (噸),3540443
10605,上月總噸位 (噸),3559402
10606,上月總噸位 (噸),3544307
10607,上月總噸位 (噸),3544179
10608,上月總噸位 (噸),3540021
10609,上月總噸位 (噸),3539220
10610,上月總噸位 (噸),3531857
10611,上月總噸位 (噸),3564020
10612,上月總噸位 (噸),3578719
10701,上月總噸位 (噸),3578719
10702,上月總噸位 (噸),3576435
10703,上月總噸位 (噸),3576776
10704,上月總噸位 (噸),3822787
10705,上月總噸位 (噸),4061917
10706,上月總噸位 (噸),4067311
10707,上月總噸位 (噸),4099780
10708,上月總噸位 (噸),4156993
10709,上月總噸位 (噸),4156279
10710,上月總噸位 (噸),4155301
10711,上月總噸位 (噸),4185955
10712,上月總噸位 (噸),4184154
10801,上月總噸位 (噸),4174627
10802,上月總噸位 (噸),4213791
10803,上月總噸位 (噸),4186300
10804,上月總噸位 (噸),4192719
10805,上月總噸位 (噸),4192996
10806,上月總噸位 (噸),4335613
10807,上月總噸位 (噸),4381303
10808,上月總噸位 (噸),4487813
10809,上月總噸位 (噸),4486108
10810,上月總噸位 (噸),4526050
10811,上月總噸位 (噸),4739593
10812,上月總噸位 (噸),4725451
10901,上月總噸位 (噸),4724654
10902,上月總噸位 (噸),4828863
10903,上月總噸位 (噸),4935773
10904,上月總噸位 (噸),5052397
10905,上月總噸位 (噸),5053830
10906,上月總噸位 (噸),5181080
10907,上月總噸位 (噸),5091778
10908,上月總噸位 (噸),5105365
10909,上月總噸位 (噸),5012024
10910,上月總噸位 (噸),4930631
10911,上月總噸位 (噸),4926918
10912,上月總噸位 (噸),4926783
11001,上月總噸位 (噸),4926783
11002,上月總噸位 (噸),4900716
11003,上月總噸位 (噸),4905798
11004,上月總噸位 (噸),4810663
11005,上月總噸位 (噸),4790500
11006,上月總噸位 (噸),4790500
11007,上月總噸位 (噸),4790500
9001,上月艘數 (艘),286
9002,上月艘數 (艘),290
9003,上月艘數 (艘),288
9004,上月艘數 (艘),281
9005,上月艘數 (艘),283
9006,上月艘數 (艘),280
9007,上月艘數 (艘),282
9008,上月艘數 (艘),280
9009,上月艘數 (艘),278
9010,上月艘數 (艘),280
9011,上月艘數 (艘),280
9012,上月艘數 (艘),279
9101,上月艘數 (艘),277
9102,上月艘數 (艘),278
9103,上月艘數 (艘),277
9104,上月艘數 (艘),273
9105,上月艘數 (艘),273
9106,上月艘數 (艘),275
9107,上月艘數 (艘),275
9108,上月艘數 (艘),274
9109,上月艘數 (艘),276
9110,上月艘數 (艘),274
9111,上月艘數 (艘),270
9112,上月艘數 (艘),271
9201,上月艘數 (艘),270
9202,上月艘數 (艘),273
9203,上月艘數 (艘),273
9204,上月艘數 (艘),271
9205,上月艘數 (艘),271
9206,上月艘數 (艘),269
9207,上月艘數 (艘),267
9208,上月艘數 (艘),268
9209,上月艘數 (艘),270
9210,上月艘數 (艘),271
9211,上月艘數 (艘),273
9212,上月艘數 (艘),270
9301,上月艘數 (艘),267
9302,上月艘數 (艘),267
9303,上月艘數 (艘),266
9304,上月艘數 (艘),267
9305,上月艘數 (艘),266
9306,上月艘數 (艘),273
9307,上月艘數 (艘),273
9308,上月艘數 (艘),274
9309,上月艘數 (艘),273
9310,上月艘數 (艘),272
9311,上月艘數 (艘),271
9312,上月艘數 (艘),272
9401,上月艘數 (艘),272
9402,上月艘數 (艘),273
9403,上月艘數 (艘),275
9404,上月艘數 (艘),276
9405,上月艘數 (艘),277
9406,上月艘數 (艘),277
9407,上月艘數 (艘),276
9408,上月艘數 (艘),273
9409,上月艘數 (艘),272
9410,上月艘數 (艘),273
9411,上月艘數 (艘),272
9412,上月艘數 (艘),271
9501,上月艘數 (艘),270
9502,上月艘數 (艘),270
9503,上月艘數 (艘),269
9504,上月艘數 (艘),265
9505,上月艘數 (艘),265
9506,上月艘數 (艘),266
9507,上月艘數 (艘),265
9508,上月艘數 (艘),262
9509,上月艘數 (艘),261
9510,上月艘數 (艘),260
9511,上月艘數 (艘),261
9512,上月艘數 (艘),259
9601,上月艘數 (艘),258
9602,上月艘數 (艘),257
9603,上月艘數 (艘),256
9604,上月艘數 (艘),257
9605,上月艘數 (艘),258
9606,上月艘數 (艘),259
9607,上月艘數 (艘),257
9608,上月艘數 (艘),257
9609,上月艘數 (艘),258
9610,上月艘數 (艘),255
9611,上月艘數 (艘),256
9612,上月艘數 (艘),256
9701,上月艘數 (艘),260
9702,上月艘數 (艘),260
9703,上月艘數 (艘),260
9704,上月艘數 (艘),261
9705,上月艘數 (艘),261
9706,上月艘數 (艘),262
9707,上月艘數 (艘),263
9708,上月艘數 (艘),263
9709,上月艘數 (艘),263
9710,上月艘數 (艘),262
9711,上月艘數 (艘),261
9712,上月艘數 (艘),262
9801,上月艘數 (艘),262
9802,上月艘數 (艘),259
9803,上月艘數 (艘),260
9804,上月艘數 (艘),260
9805,上月艘數 (艘),258
9806,上月艘數 (艘),260
9807,上月艘數 (艘),260
9808,上月艘數 (艘),258
9809,上月艘數 (艘),263
9810,上月艘數 (艘),260
9811,上月艘數 (艘),261
9812,上月艘數 (艘),264
9901,上月艘數 (艘),263
9902,上月艘數 (艘),265
9903,上月艘數 (艘),265
9904,上月艘數 (艘),265
9905,上月艘數 (艘),266
9906,上月艘數 (艘),267
9907,上月艘數 (艘),268
9908,上月艘數 (艘),270
9909,上月艘數 (艘),269
9910,上月艘數 (艘),272
9911,上月艘數 (艘),273
9912,上月艘數 (艘),275
10001,上月艘數 (艘),276
10002,上月艘數 (艘),275
10003,上月艘數 (艘),274
10004,上月艘數 (艘),276
10005,上月艘數 (艘),277
10006,上月艘數 (艘),280
10007,上月艘數 (艘),281
10008,上月艘數 (艘),283
10009,上月艘數 (艘),284
10010,上月艘數 (艘),284
10011,上月艘數 (艘),285
10012,上月艘數 (艘),286
10101,上月艘數 (艘),285
10102,上月艘數 (艘),282
10103,上月艘數 (艘),282
10104,上月艘數 (艘),282
10105,上月艘數 (艘),283
10106,上月艘數 (艘),282
10107,上月艘數 (艘),281
10108,上月艘數 (艘),280
10109,上月艘數 (艘),281
10110,上月艘數 (艘),281
10111,上月艘數 (艘),281
10112,上月艘數 (艘),283
10201,上月艘數 (艘),284
10202,上月艘數 (艘),286
10203,上月艘數 (艘),289
10204,上月艘數 (艘),289
10205,上月艘數 (艘),292
10206,上月艘數 (艘),292
10207,上月艘數 (艘),293
10208,上月艘數 (艘),292
10209,上月艘數 (艘),292
10210,上月艘數 (艘),291
10211,上月艘數 (艘),290
10212,上月艘數 (艘),290
10301,上月艘數 (艘),293
10302,上月艘數 (艘),291
10303,上月艘數 (艘),293
10304,上月艘數 (艘),293
10305,上月艘數 (艘),296
10306,上月艘數 (艘),297
10307,上月艘數 (艘),297
10308,上月艘數 (艘),300
10309,上月艘數 (艘),300
10310,上月艘數 (艘),299
10311,上月艘數 (艘),299
10312,上月艘數 (艘),300
10401,上月艘數 (艘),301
10402,上月艘數 (艘),303
10403,上月艘數 (艘),303
10404,上月艘數 (艘),304
10405,上月艘數 (艘),305
10406,上月艘數 (艘),302
10407,上月艘數 (艘),304
10408,上月艘數 (艘),307
10409,上月艘數 (艘),306
10410,上月艘數 (艘),308
10411,上月艘數 (艘),308
10412,上月艘數 (艘),309
10501,上月艘數 (艘),310
10502,上月艘數 (艘),310
10503,上月艘數 (艘),309
10504,上月艘數 (艘),310
10505,上月艘數 (艘),311
10506,上月艘數 (艘),280
10507,上月艘數 (艘),279
10508,上月艘數 (艘),279
10509,上月艘數 (艘),281
10510,上月艘數 (艘),280
10511,上月艘數 (艘),279
10512,上月艘數 (艘),279
10601,上月艘數 (艘),277
10602,上月艘數 (艘),279
10603,上月艘數 (艘),281
10604,上月艘數 (艘),282
10605,上月艘數 (艘),284
10606,上月艘數 (艘),283
10607,上月艘數 (艘),283
10608,上月艘數 (艘),283
10609,上月艘數 (艘),282
10610,上月艘數 (艘),282
10611,上月艘數 (艘),283
10612,上月艘數 (艘),283
10701,上月艘數 (艘),283
10702,上月艘數 (艘),283
10703,上月艘數 (艘),284
10704,上月艘數 (艘),287
10705,上月艘數 (艘),275
10706,上月艘數 (艘),276
10707,上月艘數 (艘),277
10708,上月艘數 (艘),279
10709,上月艘數 (艘),277
10710,上月艘數 (艘),276
10711,上月艘數 (艘),276
10712,上月艘數 (艘),274
10801,上月艘數 (艘),268
10802,上月艘數 (艘),270
10803,上月艘數 (艘),271
10804,上月艘數 (艘),272
10805,上月艘數 (艘),272
10806,上月艘數 (艘),274
10807,上月艘數 (艘),275
10808,上月艘數 (艘),276
10809,上月艘數 (艘),276
10810,上月艘數 (艘),278
10811,上月艘數 (艘),279
10812,上月艘數 (艘),279
10901,上月艘數 (艘),278
10902,上月艘數 (艘),278
10903,上月艘數 (艘),279
10904,上月艘數 (艘),285
10905,上月艘數 (艘),283
10906,上月艘數 (艘),283
10907,上月艘數 (艘),284
10908,上月艘數 (艘),284
10909,上月艘數 (艘),282
10910,上月艘數 (艘),282
10911,上月艘數 (艘),282
10912,上月艘數 (艘),281
11001,上月艘數 (艘),281
11002,上月艘數 (艘),279
11003,上月艘數 (艘),281
11004,上月艘數 (艘),282
11005,上月艘數 (艘),280
11006,上月艘數 (艘),280
11007,上月艘數 (艘),280
